City_ID,City,Lat,Lng,Max Temp,Humidity,Cloudiness,Wind Speed,Country,Date
0,Tokmak,47.2514,35.7058,70.68,38,0,8.57,UA,2022-08-08 02:07:41
1,Mataura,-46.1927,168.8643,42.48,66,7,9.69,NZ,2022-08-08 02:07:42
2,Brae,60.3964,-1.353,55.6,95,100,13.82,GB,2022-08-08 01:58:14
3,Ushuaia,-54.8,-68.3,38.86,60,0,8.05,AR,2022-08-08 02:07:42
4,Tura,25.5198,90.2201,78.76,91,100,3.69,IN,2022-08-08 02:07:42
5,Ancud,-41.8697,-73.8203,43.23,86,5,3.4,CL,2022-08-08 02:07:43
6,Lorengau,-2.0226,147.2712,84.85,70,92,8.95,PG,2022-08-08 02:07:43
7,Rikitea,-23.1203,-134.9692,71.47,73,100,34.07,PF,2022-08-08 02:07:43
8,Jamestown,42.097,-79.2353,76.71,65,0,8.05,US,2022-08-08 02:07:44
9,Panguna,-6.3164,155.4848,78.75,72,49,1.43,PG,2022-08-08 02:07:44
10,Tiksi,71.6872,128.8694,48.63,98,100,5.86,RU,2022-08-08 02:07:44
11,Bredasdorp,-34.5322,20.0403,57.09,90,100,2.8,ZA,2022-08-08 02:07:45
12,Tual,-5.6667,132.75,80.01,81,100,20.0,ID,2022-08-08 02:03:58
13,Fershampenuaz,53.5202,59.8117,63.03,82,96,7.0,RU,2022-08-08 02:07:45
14,Tasiilaq,65.6145,-37.6368,42.96,98,100,3.27,GL,2022-08-08 02:07:45
15,Castro,-24.7911,-50.0119,57.09,94,100,6.82,BR,2022-08-08 02:07:46
16,Hobart,-42.8794,147.3294,52.27,74,20,9.22,AU,2022-08-08 02:07:46
17,Albany,42.6001,-73.9662,79.21,86,1,4.05,US,2022-08-08 02:07:46
18,Hobyo,5.3505,48.5268,74.95,83,10,24.18,SO,2022-08-08 02:03:17
19,Barrow,71.2906,-156.7887,45.41,65,96,18.03,US,2022-08-08 02:07:47
20,Tateyama,34.9833,139.8667,83.17,80,15,18.43,JP,2022-08-08 02:07:47
21,Touros,-5.1989,-35.4608,73.78,85,27,12.95,BR,2022-08-08 02:03:26
22,Zhigansk,66.7697,123.3711,56.77,73,84,14.47,RU,2022-08-08 02:07:47
23,Mazamari,-11.3258,-74.5308,67.84,98,22,2.06,PE,2022-08-08 02:02:04
24,Parabel,58.6978,81.4825,60.94,87,15,7.02,RU,2022-08-08 02:07:48
25,Carnarvon,-24.8667,113.6333,66.61,64,0,11.23,AU,2022-08-08 02:07:48
26,Richards Bay,-28.783,32.0377,67.12,87,31,11.27,ZA,2022-08-08 02:07:48
27,Kapaa,22.0752,-159.319,82.72,74,75,11.5,US,2022-08-08 02:03:34
28,Bathsheba,13.2167,-59.5167,81.05,96,26,18.84,BB,2022-08-08 02:00:55
29,Hasaki,35.7333,140.8333,91.29,78,16,20.13,JP,2022-08-08 01:58:15
30,Ilulissat,69.2167,-51.1,42.82,100,100,3.44,GL,2022-08-08 02:07:49
31,Dikson,73.5069,80.5464,42.03,100,100,6.71,RU,2022-08-08 02:07:49
32,Busselton,-33.65,115.3333,53.33,87,96,24.14,AU,2022-08-08 02:07:50
33,Coihaique,-45.5752,-72.0662,36.21,87,100,2.3,CL,2022-08-08 02:03:05
34,Butaritari,3.0707,172.7902,81.66,73,95,13.76,KI,2022-08-08 02:07:50
35,Chuy,-33.6971,-53.4616,47.01,89,6,6.51,UY,2022-08-08 02:07:51
36,Ongandjera,-17.8833,15.0667,61.92,23,5,6.69,NA,2022-08-08 02:07:51
37,Tezu,27.9167,96.1667,89.62,64,29,1.92,IN,2022-08-08 01:59:23
38,Tommot,58.9564,126.2925,60.75,72,100,8.34,RU,2022-08-08 02:07:51
39,Moengo,5.6167,-54.4,75.18,94,86,1.88,SR,2022-08-08 02:07:52
40,Punta Arenas,-53.15,-70.9167,35.71,87,40,12.66,CL,2022-08-08 02:07:52
41,Kashi,39.4547,75.9797,78.58,43,66,6.8,CN,2022-08-08 02:07:52
42,Tuktoyaktuk,69.4541,-133.0374,45.5,75,75,7.02,CA,2022-08-08 02:07:52
43,Tukrah,32.5341,20.5791,78.94,81,0,4.85,LY,2022-08-08 02:07:53
44,Porto Velho,-8.7619,-63.9039,78.85,83,0,1.14,BR,2022-08-08 02:06:40
45,Puerto Ayacucho,5.6639,-67.6236,76.39,89,83,3.15,VE,2022-08-08 02:07:53
46,Visby,57.6409,18.296,61.83,67,40,6.91,SE,2022-08-08 02:07:54
47,Biltine,14.5333,20.9167,75.97,78,100,20.96,TD,2022-08-08 02:07:54
48,Thompson,55.7435,-97.8558,67.5,55,67,7.56,CA,2022-08-08 02:04:31
49,Sandwick,60.0,-1.25,55.22,94,100,8.05,GB,2022-08-08 02:08:54
50,Arona,28.0996,-16.681,67.69,78,0,12.66,ES,2022-08-08 02:00:38
51,Bethel,41.3712,-73.414,80.96,88,100,0.0,US,2022-08-08 02:07:00
52,Douglas,41.3,-96.167,76.08,85,100,9.22,US,2022-08-08 02:08:14
53,Sakakah,29.9697,40.2064,94.57,23,53,5.75,SA,2022-08-08 02:08:55
54,Goundi,9.3627,17.366,69.96,92,51,3.98,TD,2022-08-08 02:08:55
55,Cherskiy,68.75,161.3,51.04,49,38,4.12,RU,2022-08-08 02:08:56
56,Houma,29.5958,-90.7195,80.01,88,40,3.0,US,2022-08-08 02:08:56
57,Vaitape,-16.5167,-151.75,76.35,70,83,25.23,PF,2022-08-08 02:08:56
58,Gizo,-8.103,156.8419,82.33,73,93,1.28,SB,2022-08-08 02:08:56
59,Nikolskoye,59.7035,30.7861,57.87,81,100,4.03,RU,2022-08-08 02:08:57
60,Bandarbeyla,9.4942,50.8122,76.5,64,9,27.54,SO,2022-08-08 02:08:57
61,Bengkulu,-3.8004,102.2655,80.83,73,11,4.74,ID,2022-08-08 02:08:57
62,Avarua,-21.2078,-159.775,75.25,60,40,18.41,CK,2022-08-08 02:08:58
63,Saskylakh,71.9167,114.0833,53.19,59,100,9.48,RU,2022-08-08 02:08:58
64,Port Elizabeth,-33.918,25.5701,60.1,99,98,11.01,ZA,2022-08-08 02:08:58
65,Georgetown,5.4112,100.3354,85.95,70,20,8.05,MY,2022-08-08 02:04:41
66,Caravelas,-17.7125,-39.2481,72.99,77,7,9.75,BR,2022-08-08 02:01:26
67,Togur,58.3631,82.8265,63.64,72,5,5.97,RU,2022-08-08 02:08:59
68,Kodiak,57.79,-152.4072,63.91,52,0,8.05,US,2022-08-08 02:08:59
69,Mangai,-4.05,19.5333,72.91,53,14,0.54,CD,2022-08-08 02:09:00
70,Vaini,-21.2,-175.2,80.76,89,20,10.36,TO,2022-08-08 02:09:00
71,Nishihara,26.1842,127.7558,89.26,69,40,9.22,JP,2022-08-08 02:09:00
72,Codrington,-38.2667,141.9667,53.49,56,6,3.62,AU,2022-08-08 02:09:01
73,Pevek,69.7008,170.3133,32.85,89,100,15.26,RU,2022-08-08 02:09:01
74,Puqi,29.7167,113.8833,96.08,46,21,11.3,CN,2022-08-08 02:09:01
75,Chokurdakh,70.6333,147.9167,60.48,32,99,17.22,RU,2022-08-08 02:09:02
76,Saldanha,-33.0117,17.9442,57.06,85,48,11.5,ZA,2022-08-08 02:09:02
77,Alofi,-19.0595,-169.9187,76.87,76,1,20.67,NU,2022-08-08 02:09:03
78,Yabassi,4.457,9.9682,72.91,98,100,1.57,CM,2022-08-08 02:09:03
79,Kaitangata,-46.2817,169.8464,43.41,54,32,12.95,NZ,2022-08-08 02:09:03
80,Ostrovnoy,68.0531,39.5131,52.3,76,94,11.61,RU,2022-08-08 02:09:04
81,Male,4.1748,73.5089,78.75,89,75,13.8,MV,2022-08-08 01:58:48
82,Dolgorukovo,52.3195,38.3453,69.62,44,100,4.56,RU,2022-08-08 02:09:04
83,Luderitz,-26.6481,15.1594,55.94,72,1,9.31,NA,2022-08-08 02:09:05
84,Isangel,-19.55,169.2667,81.86,69,8,5.61,VU,2022-08-08 02:02:11
85,Guadalupe Y Calvo,26.1,-106.9667,54.14,95,100,3.8,MX,2022-08-08 02:09:05
86,Nantucket,41.2835,-70.0995,79.0,93,0,14.97,US,2022-08-08 02:06:51
87,Umm Lajj,25.0213,37.2685,86.4,82,68,7.23,SA,2022-08-08 02:03:26
88,Lasa,46.6166,10.7002,55.69,90,91,2.48,IT,2022-08-08 02:09:06
89,Torbay,47.6666,-52.7314,68.58,90,75,26.46,CA,2022-08-08 02:09:06
90,Bluff,-46.6,168.3333,42.8,54,18,21.3,NZ,2022-08-08 02:09:07
91,Arraial Do Cabo,-22.9661,-42.0278,70.27,90,100,6.4,BR,2022-08-08 02:09:07
92,Port Alfred,-33.5906,26.891,64.04,93,78,5.84,ZA,2022-08-08 02:09:08
93,Hermanus,-34.4187,19.2345,56.7,84,25,3.0,ZA,2022-08-08 02:09:08
94,Bosaso,11.2842,49.1816,89.2,39,4,22.64,SO,2022-08-08 02:10:09
95,Gorontalo,0.5412,123.0595,82.31,78,100,1.97,ID,2022-08-08 02:04:36
96,Dwarka,22.2394,68.9678,82.0,88,100,12.1,IN,2022-08-08 02:10:09
97,Qaanaaq,77.484,-69.3632,39.4,54,6,6.64,GL,2022-08-08 02:10:09
98,Port Hardy,50.6996,-127.4199,64.36,79,20,14.16,CA,2022-08-08 02:10:10
99,Itupiranga,-5.1347,-49.3267,75.52,57,22,3.0,BR,2022-08-08 02:10:10
100,Narsaq,60.9167,-46.05,41.22,75,1,4.61,GL,2022-08-08 02:10:10
101,Yellowknife,62.456,-114.3525,57.22,94,100,6.13,CA,2022-08-08 02:10:11
102,Huittinen,61.1833,22.7,48.97,79,50,3.04,FI,2022-08-08 02:10:11
103,Bitung,1.4451,125.1824,85.05,72,100,2.13,ID,2022-08-08 02:10:12
104,Mangrol,21.1167,70.1167,81.52,87,100,8.12,IN,2022-08-08 02:09:13
105,Constitucion,-35.3333,-72.4167,47.05,87,0,8.41,CL,2022-08-08 02:10:12
106,Batticaloa,7.7102,81.6924,79.43,65,100,6.64,LK,2022-08-08 02:10:13
107,Yulara,-25.2406,130.9889,64.72,25,5,16.71,AU,2022-08-08 02:10:13
108,Ballina,-28.8667,153.5667,65.01,57,0,13.38,AU,2022-08-08 02:10:13
109,Bambous Virieux,-20.3428,57.7575,66.22,94,40,3.44,MU,2022-08-08 02:10:14
110,Soyo,-6.1349,12.3689,67.05,93,19,4.85,AO,2022-08-08 02:10:14
111,Riyadh,24.6877,46.7219,89.74,26,5,5.03,SA,2022-08-08 02:08:41
112,Bossangoa,6.4926,17.4552,67.19,97,100,2.8,CF,2022-08-08 02:10:15
113,Nortelandia,-14.4547,-56.8028,78.33,64,98,2.84,BR,2022-08-08 02:10:15
114,Luzhou,28.8724,105.4405,88.14,66,100,3.44,CN,2022-08-08 02:10:15
115,Shache,38.4167,77.2406,75.7,47,100,5.95,CN,2022-08-08 02:10:16
116,Niamey,13.5137,2.1098,82.85,67,66,9.93,NE,2022-08-08 02:10:16
117,Victoria,22.2855,114.1577,81.32,94,49,3.0,HK,2022-08-08 02:07:16
118,Vardo,70.3705,31.1107,49.98,81,100,13.8,NO,2022-08-08 02:10:17
119,Cochrane,51.1834,-114.4687,70.86,63,0,7.67,CA,2022-08-08 02:05:48
120,Vila Velha,-20.3297,-40.2925,75.15,87,20,11.5,BR,2022-08-08 02:06:25
121,Cape Town,-33.9258,18.4232,60.39,84,0,7.0,ZA,2022-08-08 02:10:17
122,Atuona,-9.8,-139.0333,77.38,69,25,16.46,PF,2022-08-08 02:10:17
123,Coon Rapids,45.12,-93.2877,71.19,91,100,20.71,US,2022-08-08 02:10:18
124,Mitsamiouli,-11.3847,43.2844,75.06,67,11,6.69,KM,2022-08-08 02:10:18
125,Harqalah,36.0303,10.509,82.26,65,0,6.91,TN,2022-08-08 02:10:19
126,Basco,20.4487,121.9702,84.97,75,100,16.78,PH,2022-08-08 02:10:19
127,Ribeira Grande,38.5167,-28.7,74.37,81,15,15.41,PT,2022-08-08 02:10:19
128,Coahuayana,18.7333,-103.6833,79.09,84,74,2.24,MX,2022-08-08 02:10:20
129,Mbala,-8.8402,31.3659,52.95,71,2,8.55,ZM,2022-08-08 02:10:20
130,Iralaya,15.0,-83.2333,80.08,87,100,12.1,HN,2022-08-08 02:10:21
131,Gbarnga,6.9956,-9.4722,66.99,99,66,1.5,LR,2022-08-08 02:10:21
132,Muroto,33.2833,134.15,84.63,74,20,8.32,JP,2022-08-08 02:10:21
133,West Wendover,40.7391,-114.0733,81.61,39,0,3.44,US,2022-08-08 02:10:22
134,Upernavik,72.7868,-56.1549,41.61,83,100,5.79,GL,2022-08-08 02:10:22
135,Chapais,49.7834,-74.8492,50.81,67,62,3.31,CA,2022-08-08 02:10:23
136,Peniche,39.3558,-9.3811,62.46,93,0,2.59,PT,2022-08-08 02:10:23
137,Birao,10.2849,22.7882,70.27,97,86,4.12,CF,2022-08-08 02:10:23
138,Half Moon Bay,37.4636,-122.4286,75.61,70,0,18.41,US,2022-08-08 02:10:25
139,Linjiang,41.8069,126.9078,79.25,75,48,4.43,CN,2022-08-08 02:03:23
140,Sibolga,1.7427,98.7792,81.34,72,95,1.1,ID,2022-08-08 02:11:25
141,Cayeli,41.0923,40.7292,73.53,85,8,3.58,TR,2022-08-08 02:11:25
142,Padang,-0.9492,100.3543,82.45,71,10,1.81,ID,2022-08-08 02:11:26
143,Altay,47.8667,88.1167,78.64,30,26,2.42,CN,2022-08-08 02:11:26
144,Deputatskiy,69.3,139.9,50.29,87,100,4.12,RU,2022-08-08 02:11:27
145,Zhuhai,22.2769,113.5678,88.86,89,40,11.5,CN,2022-08-08 02:11:27
146,Port Lincoln,-34.7333,135.8667,55.67,59,0,7.2,AU,2022-08-08 02:11:27
147,Kavaratti,10.5669,72.642,80.37,83,100,24.38,IN,2022-08-08 02:11:28
148,Sardarpur,22.678,74.9484,73.58,96,100,9.17,IN,2022-08-08 02:11:28
149,New Norfolk,-42.7826,147.0587,51.93,48,3,2.17,AU,2022-08-08 02:11:28
150,Tuatapere,-46.1333,167.6833,42.6,67,10,12.59,NZ,2022-08-08 02:11:29
151,Juneau,58.3019,-134.4197,59.22,92,75,6.91,US,2022-08-08 02:11:29
152,Vao,-22.6667,167.4833,71.33,85,8,11.63,NC,2022-08-08 02:11:29
153,Hilo,19.7297,-155.09,85.28,73,0,8.05,US,2022-08-08 02:11:30
154,Poum,-20.2333,164.0167,75.04,78,5,15.41,NC,2022-08-08 02:02:07
155,San Jose,37.3394,-121.895,77.85,59,0,18.41,US,2022-08-08 02:10:39
156,Cadillac,44.2519,-85.4012,72.79,94,100,0.0,US,2022-08-08 02:11:30
157,Ponta Do Sol,32.6667,-17.1,70.72,83,0,3.78,PT,2022-08-08 02:11:31
158,Comblain-Au-Pont,50.4749,5.5771,57.63,85,38,4.61,BE,2022-08-08 02:11:31
159,Faanui,-16.4833,-151.75,76.39,70,79,25.19,PF,2022-08-08 02:11:32
160,Egvekinot,66.3167,-179.1667,41.72,41,100,12.53,RU,2022-08-08 02:11:32
161,Popondetta,-8.7537,148.2534,89.42,51,65,6.08,PG,2022-08-08 02:11:32
162,Samarai,-10.6167,150.6667,81.27,71,47,11.72,PG,2022-08-08 02:11:33
163,Mar Del Plata,-38.0023,-57.5575,46.09,83,100,9.22,AR,2022-08-08 02:11:33
164,Petropavlovka,50.6114,105.3196,63.54,54,16,1.14,RU,2022-08-08 02:11:33
165,Cap Malheureux,-19.9842,57.6142,66.47,78,1,1.99,MU,2022-08-08 02:11:34
166,Cabo San Lucas,22.8909,-109.9124,86.05,75,75,5.75,MX,2022-08-08 02:08:34
167,Kavieng,-2.5744,150.7967,83.89,72,23,12.06,PG,2022-08-08 02:11:34
168,Nome,64.5011,-165.4064,50.07,87,100,8.05,US,2022-08-08 02:11:34
169,Surin,14.8818,103.4936,74.68,93,100,7.9,TH,2022-08-08 02:11:35
170,Zhezkazgan,47.8043,67.7144,64.38,59,0,13.42,KZ,2022-08-08 02:11:35
171,Cachoeira Do Sul,-30.0392,-52.8939,54.46,92,100,8.57,BR,2022-08-08 02:11:35
172,Saint-Philippe,-21.3585,55.7679,65.79,79,0,3.65,RE,2022-08-08 02:11:36
173,Redcar,54.6166,-1.06,59.45,60,17,3.0,GB,2022-08-08 02:11:36
174,Tocopilla,-22.092,-70.1979,59.47,67,6,2.28,CL,2022-08-08 02:11:36
175,Luba,3.4568,8.5547,76.44,89,85,8.01,GQ,2022-08-08 02:11:37
176,Redmond,47.674,-122.1215,89.67,48,0,1.99,US,2022-08-08 02:09:58
177,Saint-Augustin,51.226,-58.6502,60.73,60,14,18.66,CA,2022-08-08 02:11:37
178,Manado,1.487,124.8455,84.97,74,20,3.44,ID,2022-08-08 02:11:37
179,Provideniya,64.3833,-173.3,41.11,60,100,20.13,RU,2022-08-08 02:11:38
180,North Bend,43.4065,-124.2243,69.24,91,100,9.22,US,2022-08-08 02:11:38
181,Moscow,55.7522,37.6156,66.24,73,98,5.64,RU,2022-08-08 02:10:45
182,Betioky,-23.7167,44.3833,60.82,88,0,8.03,MG,2022-08-08 02:11:38
183,Leningradskiy,69.3833,178.4167,32.86,94,100,20.58,RU,2022-08-08 02:11:39
184,Oristano,39.9,8.6,73.96,76,0,3.89,IT,2022-08-08 02:12:39
185,East London,-33.0153,27.9116,65.14,92,70,6.17,ZA,2022-08-08 02:12:11
186,Cassilandia,-19.1133,-51.7342,76.86,35,79,2.13,BR,2022-08-08 02:12:39
187,Ponta Delgada,37.7333,-25.6667,70.52,94,20,4.61,PT,2022-08-08 02:12:40
188,Hofn,64.2539,-15.2082,52.03,81,22,11.88,IS,2022-08-08 02:12:40
189,Chastyye,57.2888,54.9728,68.0,71,16,2.73,RU,2022-08-08 02:12:40
190,Chelmza,53.1846,18.6047,55.27,62,98,2.8,PL,2022-08-08 02:12:41
191,Aitape,-3.1374,142.3475,83.82,75,51,7.99,PG,2022-08-08 02:12:41
192,Moche,-8.1711,-79.0092,59.18,88,40,10.36,PE,2022-08-08 02:12:41
193,Ust-Kuyga,70.0167,135.6,72.27,55,88,16.6,RU,2022-08-08 02:12:13
194,Dunkirk,51.05,2.3667,59.02,87,11,5.55,FR,2022-08-08 02:12:42
195,Norman Wells,65.282,-126.8329,55.45,86,100,7.96,CA,2022-08-08 02:12:42
196,Merauke,-8.4667,140.3333,82.42,73,26,14.34,ID,2022-08-08 02:12:42
197,San Borja,-14.8167,-66.85,69.91,94,29,2.48,BO,2022-08-08 02:12:43
198,Hunchun,42.8675,130.3581,83.57,63,51,10.51,CN,2022-08-08 02:12:43
199,Villazon,-22.0866,-65.5942,36.3,11,0,4.94,BO,2022-08-08 02:12:43
200,Hami,42.8,93.45,92.43,16,0,15.32,CN,2022-08-08 02:12:44
201,Los Llanos De Aridane,28.6585,-17.9182,67.75,78,75,13.8,ES,2022-08-08 02:12:44
202,Severo-Kurilsk,50.6789,156.125,59.2,87,37,3.36,RU,2022-08-08 02:09:01
203,Kapit,2.0167,112.9333,86.11,62,45,1.83,MY,2022-08-08 02:12:44
204,Grindavik,63.8424,-22.4338,48.9,93,75,14.97,IS,2022-08-08 02:12:45
205,Zverinogolovskoye,54.4586,64.8542,65.62,72,100,7.0,RU,2022-08-08 02:12:45
206,Kasongo,-4.45,26.6667,72.86,40,9,2.26,CD,2022-08-08 02:12:45
207,Adrasmon,40.6472,69.9856,71.82,29,0,3.76,TJ,2022-08-08 02:12:46
208,Iquique,-20.2208,-70.1431,59.04,79,42,0.92,CL,2022-08-08 02:12:46
209,San Andres,12.5847,-81.7006,82.42,83,75,14.97,CO,2022-08-08 02:12:46
210,Marawi,7.9986,124.2928,78.37,70,88,5.28,PH,2022-08-08 02:12:47
211,Abu Samrah,35.3029,37.1841,69.96,80,0,9.69,SY,2022-08-08 02:12:47
212,Souillac,-20.5167,57.5167,62.98,94,40,3.44,MU,2022-08-08 02:12:47
213,Marathon,44.9,-89.7668,69.33,90,100,6.91,US,2022-08-08 02:12:48
214,Kampene,-3.6,26.6667,71.19,72,38,0.85,CD,2022-08-08 02:12:48
215,Tamiahua,21.2667,-97.45,80.13,77,0,6.96,MX,2022-08-08 02:12:48
216,Yining,29.0361,114.5636,94.1,51,30,3.24,CN,2022-08-08 02:12:49
217,Udachnyy,66.4167,112.4,46.45,100,100,7.74,RU,2022-08-08 02:12:49
218,Sredniy Ikorets,51.0675,39.7584,67.73,43,86,4.43,RU,2022-08-08 02:12:49
219,Husavik,66.0449,-17.3389,49.77,85,23,7.72,IS,2022-08-08 02:12:50
220,Coquimbo,-29.9533,-71.3436,53.33,76,0,4.61,CL,2022-08-08 02:12:50
221,Auki,-8.7676,160.7034,81.81,78,100,3.65,SB,2022-08-08 02:12:50
222,Alice Springs,-23.7,133.8833,67.21,23,1,12.66,AU,2022-08-08 02:12:50
223,Varzea Da Palma,-17.5981,-44.7308,70.83,39,8,2.39,BR,2022-08-08 02:12:51
224,Gat,31.61,34.7642,78.4,72,0,0.76,IL,2022-08-08 02:12:51
225,Novo Aripuana,-5.1206,-60.3797,81.23,59,88,2.04,BR,2022-08-08 02:12:52
226,Vega De Alatorre,20.0333,-96.6333,80.04,75,4,6.22,MX,2022-08-08 02:12:52
227,Togitsu,32.8333,129.85,86.99,79,86,7.87,JP,2022-08-08 02:12:52
228,Hambantota,6.1241,81.1185,78.93,79,80,18.79,LK,2022-08-08 02:12:53
229,Nanortalik,60.1432,-45.2371,44.6,80,19,4.03,GL,2022-08-08 02:12:53
230,Airai,-8.9266,125.4092,72.95,42,41,5.39,TL,2022-08-08 02:12:53
231,Virginia Beach,36.8529,-75.978,84.22,74,40,5.75,US,2022-08-08 02:09:10
232,Bafq,31.6128,55.4107,86.5,18,0,1.97,IR,2022-08-08 02:13:54
233,Klaksvik,62.2266,-6.589,54.52,99,100,13.18,FO,2022-08-08 02:13:54
234,Kautokeino,69.0125,23.0412,47.84,81,100,8.75,NO,2022-08-08 02:13:54
235,Khatanga,71.9667,102.5,58.73,61,58,7.63,RU,2022-08-08 02:13:55
236,Petropavlovsk-Kamchatskiy,53.0452,158.6483,62.78,77,75,8.95,RU,2022-08-08 02:13:55
237,Bud,39.447,-86.1758,82.42,94,8,6.62,US,2022-08-08 02:13:55
238,Moose Factory,51.2585,-80.6094,51.13,64,100,4.88,CA,2022-08-08 02:13:56
239,Praia,14.9215,-23.5087,80.46,86,75,4.45,CV,2022-08-08 02:13:56
240,Kiruna,67.8557,20.2251,45.52,76,100,10.36,SE,2022-08-08 02:13:56
241,Ahipara,-35.1667,173.1667,61.41,70,2,6.98,NZ,2022-08-08 02:13:57
242,Cidreira,-30.1811,-50.2056,58.73,96,100,12.46,BR,2022-08-08 02:13:57
243,Wanxian,30.8039,108.3897,90.48,68,100,3.09,CN,2022-08-08 02:13:57
244,Tambopata,-12.7333,-69.1833,69.98,98,63,2.26,PE,2022-08-08 02:13:58
245,Auxerre,47.8,3.5667,57.63,58,0,6.62,FR,2022-08-08 02:13:58
246,Marovoay,-16.1,46.6333,62.47,62,0,3.67,MG,2022-08-08 02:13:58
247,Wlodawa,51.55,23.55,47.95,85,59,4.52,PL,2022-08-08 02:13:58
248,Perelyub,51.8667,50.3667,68.45,54,2,7.18,RU,2022-08-08 02:13:59
249,Hithadhoo,-0.6,73.0833,81.21,70,100,2.33,MV,2022-08-08 02:13:59
250,Astoria,46.1879,-123.8313,69.44,68,0,12.66,US,2022-08-08 02:09:10
251,Camacha,33.0833,-16.3333,67.42,73,20,9.22,PT,2022-08-08 02:14:00
252,Thinadhoo,0.5333,72.9333,81.75,73,100,7.43,MV,2022-08-08 02:14:00
253,Greer,34.9387,-82.2271,78.4,89,20,1.01,US,2022-08-08 02:13:59
254,Fort Smith,35.3859,-94.3986,91.44,46,100,5.75,US,2022-08-08 02:12:04
255,Rawson,-43.3002,-65.1023,43.0,84,100,6.49,AR,2022-08-08 02:14:01
256,Abapo,-18.8333,-63.4667,64.94,63,100,2.68,BO,2022-08-08 02:14:01
257,Pangkalanbuun,-2.6833,111.6167,84.43,60,16,4.54,ID,2022-08-08 02:14:01
258,Uvat,59.1433,68.8953,65.48,68,100,3.22,RU,2022-08-08 02:14:02
259,Puerto Ayora,-0.7393,-90.3518,66.54,97,60,3.0,EC,2022-08-08 02:14:02
260,Dali,25.7,100.1833,69.26,82,72,2.77,CN,2022-08-08 02:14:03
261,Zilair,52.2332,57.4392,61.95,78,100,4.09,RU,2022-08-08 02:14:03
262,San Patricio,28.017,-97.5169,86.09,68,96,13.31,US,2022-08-08 02:14:04
263,Waddan,29.1614,16.139,78.28,45,0,7.7,LY,2022-08-08 02:14:04
264,Pochutla,15.7432,-96.4661,78.82,88,100,5.61,MX,2022-08-08 02:14:04
265,Pangnirtung,66.1451,-65.7125,42.42,93,96,1.86,CA,2022-08-08 02:14:05
266,Katsuura,35.1333,140.3,84.24,77,9,18.45,JP,2022-08-08 02:13:50
267,Pontianak,-0.0333,109.3333,82.38,69,20,11.5,ID,2022-08-08 02:14:05
268,Madang,-5.2246,145.7966,86.23,66,52,5.73,PG,2022-08-08 02:14:06
269,Iqaluit,63.7506,-68.5145,41.7,86,97,1.99,CA,2022-08-08 02:14:06
270,Nago,26.5881,127.9761,90.03,70,9,6.17,JP,2022-08-08 02:14:06
271,Flinders,-34.5833,150.8552,63.18,58,32,5.01,AU,2022-08-08 02:14:08
272,Seminole,28.7086,-81.2081,83.21,83,0,6.91,US,2022-08-08 02:14:08
273,Rivadavia,-33.1905,-68.4608,40.05,82,52,9.06,AR,2022-08-08 02:14:08
274,Jumla,29.2747,82.1838,68.09,72,81,0.83,NP,2022-08-08 02:14:09
275,Sabnova,42.0762,48.248,74.57,59,100,7.23,RU,2022-08-08 02:15:09
276,Goderich,43.7501,-81.7165,76.91,88,96,9.22,CA,2022-08-08 02:15:10
277,Fairbanks,64.8378,-147.7164,60.6,64,0,11.5,US,2022-08-08 02:13:37
278,Visnes,59.3556,5.2242,55.45,88,20,3.44,NO,2022-08-08 02:15:10
279,Bulgan,48.8125,103.5347,62.78,67,12,3.02,MN,2022-08-08 02:15:11
280,Mapiripan,2.8892,-72.1256,73.71,91,11,2.64,CO,2022-08-08 02:15:11
281,Vila Franca Do Campo,37.7167,-25.4333,72.01,87,90,5.32,PT,2022-08-08 02:15:11
282,Srednekolymsk,67.45,153.6833,69.55,30,72,14.81,RU,2022-08-08 02:15:12
283,Norfolk,42.1668,-71.2495,81.41,86,0,5.75,US,2022-08-08 02:12:10
284,Exmouth,50.6172,-3.4023,60.22,81,0,8.5,GB,2022-08-08 02:15:12
285,Sao Filipe,14.8961,-24.4956,79.48,84,83,4.14,CV,2022-08-08 02:15:13
286,Cockburn Town,21.4612,-71.1419,81.82,87,100,21.61,TC,2022-08-08 02:15:13
287,Sioux Lookout,50.1001,-91.917,59.07,82,75,0.0,CA,2022-08-08 02:15:13
288,Lebu,-37.6167,-73.65,45.99,86,95,8.39,CL,2022-08-08 02:15:04
289,Karlskoga,59.3267,14.5239,52.92,98,30,1.97,SE,2022-08-08 02:15:14
290,Klyuchi,52.2667,79.1667,67.1,65,9,7.63,RU,2022-08-08 02:15:14
291,Atar,20.5169,-13.0499,93.9,35,44,7.38,MR,2022-08-08 02:15:15
292,Longyearbyen,78.2186,15.6401,44.44,93,75,12.66,SJ,2022-08-08 02:15:15
293,Abnub,27.2696,31.1511,83.37,34,0,5.73,EG,2022-08-08 02:15:15
294,Ulladulla,-35.35,150.4667,57.11,56,15,9.93,AU,2022-08-08 02:15:12
295,Kupang,-10.1667,123.5833,85.12,56,0,5.28,ID,2022-08-08 02:15:16
296,Chlorakas,34.8042,32.4083,70.68,68,0,9.22,CY,2022-08-08 02:15:16
297,Hirara,24.8,125.2833,89.46,70,40,10.36,JP,2022-08-08 02:15:16
298,Gemena,3.25,19.7667,68.34,98,100,2.35,CD,2022-08-08 02:15:17
299,Selikhino,50.3672,137.4996,67.3,96,100,5.73,RU,2022-08-08 02:15:17
300,Athabasca,54.7169,-113.2854,71.42,61,43,5.73,CA,2022-08-08 02:15:15
301,Laguna,38.421,-121.4238,92.44,44,0,12.66,US,2022-08-08 02:15:18
302,Afyonkarahisar,38.75,30.6667,61.86,94,20,4.61,TR,2022-08-08 02:15:18
303,Sedalia,38.7045,-93.2283,83.91,78,0,7.0,US,2022-08-08 02:15:18
304,Bastia,42.6667,9.3333,81.3,71,0,4.61,FR,2022-08-08 02:15:19
305,Dakoro,14.5106,6.765,79.02,56,100,15.12,NE,2022-08-08 02:15:19
306,Svetlaya,46.5389,138.3297,68.81,99,100,6.96,RU,2022-08-08 02:12:13
307,Bambanglipuro,-7.95,110.2833,79.43,74,86,8.66,ID,2022-08-08 02:15:20
308,Bonavista,48.6499,-53.1147,66.69,91,100,22.08,CA,2022-08-08 02:15:20
309,Sisimiut,66.9395,-53.6735,39.33,96,100,3.96,GL,2022-08-08 02:15:21
310,Jertih,5.7336,102.4897,82.98,74,100,3.53,MY,2022-08-08 02:15:21
311,Campo Maior,-4.8278,-42.1686,79.39,40,67,3.33,BR,2022-08-08 02:15:21
312,Necochea,-38.5473,-58.7368,39.56,84,14,6.76,AR,2022-08-08 02:15:22
313,Vangaindrano,-23.35,47.6,62.28,92,1,3.15,MG,2022-08-08 02:15:22
314,Makat,47.6469,53.3463,77.18,27,3,10.22,KZ,2022-08-08 02:15:22
315,Carmen,18.6333,-91.8333,76.41,82,100,13.44,MX,2022-08-08 02:15:23
316,Serenje,-13.2325,30.2352,51.28,61,0,4.14,ZM,2022-08-08 02:15:23
317,Mahebourg,-20.4081,57.7,66.25,94,40,3.44,MU,2022-08-08 02:15:23
318,Locri,38.2414,16.2623,79.32,79,0,8.72,IT,2022-08-08 02:15:24
319,Pangody,65.85,74.4859,72.45,62,0,10.42,RU,2022-08-08 02:15:24
320,Saint-Pierre,-21.3393,55.4781,67.91,69,75,5.75,RE,2022-08-08 02:15:24
321,Mapimi,25.8167,-103.85,76.3,50,57,16.46,MX,2022-08-08 02:15:25
322,Salalah,17.0151,54.0924,75.29,100,100,9.22,OM,2022-08-08 02:15:25
323,Te Anau,-45.4167,167.7167,38.48,80,42,6.49,NZ,2022-08-08 02:16:25
324,Monterey,36.2505,-121.2516,81.18,1,0,12.93,US,2022-08-08 02:16:25
325,Banda Aceh,5.5577,95.3222,82.99,65,100,10.71,ID,2022-08-08 02:16:26
326,Sabang,5.8933,95.3214,81.77,70,100,13.56,ID,2022-08-08 02:16:26
327,Honningsvag,70.9821,25.9704,49.75,87,75,18.41,NO,2022-08-08 02:16:27
328,Salinas,36.6777,-121.6555,78.01,63,0,12.66,US,2022-08-08 02:16:27
329,Sangar,63.9242,127.4739,60.85,67,78,3.09,RU,2022-08-08 02:16:27
330,Pomabamba,-8.8333,-77.4667,51.89,79,80,4.76,PE,2022-08-08 02:16:28
331,Bykovo,55.6361,38.0803,66.42,94,0,4.47,RU,2022-08-08 02:16:28
332,Kerouane,9.2667,-9.0167,67.37,98,47,3.04,GN,2022-08-08 02:16:28
333,Lavrentiya,65.5833,-171.0,38.34,80,100,12.41,RU,2022-08-08 02:16:29
334,Komsomolskiy,40.4272,71.7189,84.09,23,5,2.84,UZ,2022-08-08 02:15:15
335,Anicuns,-16.4611,-49.9617,72.64,33,0,2.53,BR,2022-08-08 02:16:29
336,Vilyuysk,63.7553,121.6247,61.5,79,100,4.23,RU,2022-08-08 02:16:30
337,Pisco,-13.7,-76.2167,60.85,72,20,2.3,PE,2022-08-08 02:16:30
338,Eyl,7.9803,49.8164,75.22,70,85,22.88,SO,2022-08-08 02:16:30
339,Nouadhibou,20.931,-17.0347,73.38,88,2,11.5,MR,2022-08-08 02:16:30
340,Bonoua,5.2741,-3.595,76.62,85,13,7.52,CI,2022-08-08 02:16:31
341,Pacific Grove,36.6177,-121.9166,73.81,74,0,10.36,US,2022-08-08 02:14:03
342,Ketchikan,55.3422,-131.6461,63.07,67,100,11.5,US,2022-08-08 02:16:31
343,Alihe,50.5667,123.7167,70.65,32,12,13.15,CN,2022-08-08 02:16:32
344,Marsh Harbour,26.5412,-77.0636,82.89,72,41,10.96,BS,2022-08-08 02:16:32
345,Beringovskiy,63.05,179.3167,49.05,50,76,18.75,RU,2022-08-08 02:12:18
346,Opportunity,47.6499,-117.2399,92.03,23,0,0.0,US,2022-08-08 02:16:32
347,Saint-Georges,12.0564,-61.7485,80.28,84,25,9.64,GD,2022-08-08 02:12:00
348,Yeola,20.0333,74.4833,73.53,92,100,10.94,IN,2022-08-08 02:16:33
349,Krasnoselkup,65.7,82.4667,65.34,73,84,9.55,RU,2022-08-08 02:16:33
350,Kuusamo,65.9667,29.1833,50.04,100,100,6.91,FI,2022-08-08 02:16:33
351,Elizabeth City,36.2946,-76.2511,82.42,82,0,6.91,US,2022-08-08 02:16:34
352,Huambo,-12.7761,15.7392,54.1,35,0,2.98,AO,2022-08-08 02:16:34
353,Celestun,20.8667,-90.4,76.19,88,99,13.82,MX,2022-08-08 02:16:34
354,Guerrero Negro,27.9769,-114.0611,76.55,75,62,12.77,MX,2022-08-08 02:16:35
355,Bichena,10.45,38.2,52.92,93,100,1.32,ET,2022-08-08 02:16:35
356,Upington,-28.4478,21.2561,43.18,87,0,2.3,ZA,2022-08-08 02:16:35
357,Port Hedland,-20.3167,118.5667,77.05,20,0,8.05,AU,2022-08-08 02:15:19
358,Hauterive,46.0901,3.4459,57.96,55,2,0.34,FR,2022-08-08 02:16:36
359,Zeya,53.75,127.2667,57.15,95,100,1.7,RU,2022-08-08 02:16:36
360,Usinsk,65.9939,57.5281,67.77,65,0,12.55,RU,2022-08-08 02:16:36
361,Bubaque,11.2833,-15.8333,78.66,84,100,9.4,GW,2022-08-08 02:16:37
362,Taoudenni,22.6783,-3.9836,97.95,12,2,9.73,ML,2022-08-08 02:16:37
363,Shepsi,44.0361,39.1489,72.19,72,0,7.76,RU,2022-08-08 02:16:37
364,Lompoc,34.6391,-120.4579,73.54,74,0,23.0,US,2022-08-08 02:15:08
365,Vallenar,-28.5708,-70.7581,57.97,56,100,4.68,CL,2022-08-08 02:16:38
366,Bima,-8.4667,118.7167,86.77,56,18,5.68,ID,2022-08-08 02:16:38
367,Talnakh,69.4865,88.3972,58.21,97,100,7.25,RU,2022-08-08 02:16:38
368,Batemans Bay,-35.7167,150.1833,56.1,51,8,7.2,AU,2022-08-08 02:16:39
369,Palmer,42.1584,-72.3287,79.45,81,40,8.05,US,2022-08-08 02:13:04
370,Westport,41.1415,-73.3579,82.22,84,20,5.75,US,2022-08-08 02:14:03
371,Carutapera,-1.195,-46.02,76.32,88,15,6.22,BR,2022-08-08 02:17:39
372,San Quintin,30.4833,-115.95,75.02,79,42,6.15,MX,2022-08-08 02:17:40
373,Jaciara,-15.9653,-54.9683,83.03,38,99,4.97,BR,2022-08-08 02:15:39
374,Nhulunbuy,-12.2333,136.7667,84.81,58,20,19.57,AU,2022-08-08 02:17:40
375,Ahome,25.9167,-109.1833,89.55,70,52,5.44,MX,2022-08-08 02:17:40
376,Yarmouth,41.7057,-70.2286,79.27,86,0,19.57,US,2022-08-08 02:17:41
377,Lata,40.1629,-8.3327,59.83,89,0,2.08,PT,2022-08-08 02:17:41
378,Yichang,30.7144,111.2847,96.28,50,43,2.33,CN,2022-08-08 02:13:09
379,Lar,26.2039,83.9717,88.36,64,0,11.61,IN,2022-08-08 02:17:42
380,Presidencia Roque Saenz Pena,-26.7852,-60.4388,53.24,85,21,4.63,AR,2022-08-08 02:17:42
381,Itauna,-20.0753,-44.5764,69.87,40,60,2.39,BR,2022-08-08 02:17:42
382,Manbij,36.5281,37.9549,71.71,84,0,18.32,SY,2022-08-08 02:17:42
383,Ust-Nera,64.5667,143.2,69.89,58,85,3.04,RU,2022-08-08 02:17:43
384,Lensk,60.7253,114.9278,54.81,78,100,1.52,RU,2022-08-08 02:17:43
385,Oliveira,-20.6964,-44.8272,71.1,38,100,1.48,BR,2022-08-08 02:17:43
386,Gravdal,68.1214,13.5031,51.26,86,100,4.45,NO,2022-08-08 02:17:44
387,Batagay,67.6333,134.6333,71.69,51,43,6.35,RU,2022-08-08 02:17:44
388,Luanda,-8.8368,13.2343,65.17,93,1,5.93,AO,2022-08-08 02:17:44
389,Sanming,26.2486,117.6186,91.38,56,0,0.09,CN,2022-08-08 02:17:45
390,Mareeba,-17.0,145.4333,77.43,74,66,5.93,AU,2022-08-08 02:17:45
391,Peyima,8.7,-11.0333,69.58,100,100,1.03,SL,2022-08-08 02:17:45
392,Luancheng,37.8792,114.6517,82.56,95,100,6.64,CN,2022-08-08 02:17:46
393,San Cristobal,7.7669,-72.225,73.58,96,96,2.66,VE,2022-08-08 02:17:46
394,Noumea,-22.2763,166.4572,78.01,99,62,11.52,NC,2022-08-08 02:17:47
395,Muros,42.7762,-9.0603,64.69,94,4,5.23,ES,2022-08-08 02:17:47
396,Xai-Xai,-25.0519,33.6442,66.07,78,0,11.05,MZ,2022-08-08 02:17:47
397,Comachuen,19.6167,-101.9,52.36,95,100,2.01,MX,2022-08-08 02:17:48
398,Vitim,59.4511,112.5578,51.26,96,100,5.08,RU,2022-08-08 02:17:48
399,Ewa Beach,21.3156,-158.0072,87.17,58,0,19.57,US,2022-08-08 02:17:48
400,Nuuk,64.1835,-51.7216,40.87,93,98,8.99,GL,2022-08-08 02:15:18
401,Chabahar,25.2919,60.643,82.04,84,54,7.72,IR,2022-08-08 02:17:49
402,Vostok,46.4856,135.8833,66.78,98,100,2.3,RU,2022-08-08 02:17:49
403,Cooma,-36.2333,149.1333,48.83,51,89,2.89,AU,2022-08-08 02:17:49
404,Ivanovka,42.8878,75.085,75.83,44,92,3.98,KG,2022-08-08 02:17:50
405,Clyde River,70.4692,-68.5914,37.63,93,0,8.05,CA,2022-08-08 02:17:50
406,Buin,-33.7333,-70.75,49.73,79,7,3.71,CL,2022-08-08 02:17:51
407,Mackay,-21.15,149.2,75.69,55,0,15.68,AU,2022-08-08 02:17:51
408,Buta,2.7858,24.73,67.93,99,55,2.51,CD,2022-08-08 02:17:51
409,Yuzha,56.5831,42.0122,59.68,96,11,4.29,RU,2022-08-08 02:17:51
410,Casimiro Castillo,19.6,-104.4333,75.72,96,100,1.32,MX,2022-08-08 02:17:52
411,Doha,25.2867,51.5333,93.18,73,0,4.61,QA,2022-08-08 02:15:25
412,Jawhar,2.7809,45.5005,71.2,84,59,11.1,SO,2022-08-08 02:17:52
413,Sheltozero,61.3667,35.3667,52.79,88,12,9.66,RU,2022-08-08 02:18:53
414,Beyneu,45.3167,55.2,78.46,23,67,3.83,KZ,2022-08-08 02:18:53
415,Kankon,15.0167,74.0167,78.87,89,100,16.28,IN,2022-08-08 02:18:53
416,Manokwari,-0.8667,134.0833,83.35,67,70,4.88,ID,2022-08-08 02:18:54
417,Gazli,40.1333,63.45,80.26,31,0,8.01,UZ,2022-08-08 02:18:54
418,Deogarh,21.5333,84.7333,80.08,83,17,3.96,IN,2022-08-08 02:18:55
419,Hay River,60.8156,-115.7999,64.38,63,65,4.61,CA,2022-08-08 02:18:55
420,Faya,18.3851,42.4509,64.51,72,9,4.76,SA,2022-08-08 02:18:55
421,Roma,43.2128,-75.4557,78.87,89,0,1.01,US,2022-08-08 02:18:56
422,College,64.8569,-147.8028,60.58,64,75,11.5,US,2022-08-08 02:18:56
423,Watrous,51.6668,-105.4679,74.98,50,34,4.61,CA,2022-08-08 02:18:56
424,Caucaia,-3.7361,-38.6531,80.55,73,40,16.11,BR,2022-08-08 02:18:57
425,Neyshabur,36.2133,58.7958,75.9,31,0,2.3,IR,2022-08-08 02:18:57
426,La Ronge,55.1001,-105.2842,73.65,53,75,0.0,CA,2022-08-08 02:18:58
427,Leninsk,48.7119,45.1994,72.93,30,9,6.35,RU,2022-08-08 02:18:58
428,Margate,51.3813,1.3862,60.69,84,12,3.42,GB,2022-08-08 02:18:58
429,Hare Bay,48.8499,-54.0148,70.95,85,87,12.35,CA,2022-08-08 02:18:36
430,Mitzic,0.7821,11.549,66.96,97,82,3.09,GA,2022-08-08 02:18:59
431,Karratha,-20.7377,116.8463,74.34,17,10,7.16,AU,2022-08-08 02:19:00
432,Sao Jose Da Coroa Grande,-8.8978,-35.1478,76.06,64,91,8.57,BR,2022-08-08 02:19:00
433,Baykit,61.67,96.37,66.09,62,44,4.0,RU,2022-08-08 02:19:00
434,Aksu,41.1231,80.2644,82.51,34,5,2.84,CN,2022-08-08 02:19:01
435,Takoradi,4.8845,-1.7554,74.61,74,74,11.86,GH,2022-08-08 02:15:41
436,Linares,-35.85,-71.6,42.93,93,7,3.18,CL,2022-08-08 02:19:01
437,Manthani,18.65,79.6667,74.89,97,100,10.13,IN,2022-08-08 02:19:01
438,Puerto Rico,-26.796,-55.024,59.79,97,100,2.37,AR,2022-08-08 02:17:50
439,Lunca,43.8333,24.7667,68.68,73,2,5.08,RO,2022-08-08 02:19:02
440,Monywa,22.1167,95.1333,80.91,79,99,7.85,MM,2022-08-08 02:19:03
441,Akdepe,42.0551,59.3788,69.89,40,5,6.8,TM,2022-08-08 02:19:03
442,Turukhansk,65.8167,87.9833,61.79,64,100,6.15,RU,2022-08-08 02:19:03
443,Angoche,-16.2325,39.9086,68.79,75,0,7.49,MZ,2022-08-08 02:19:04
444,Atasu,48.6814,71.6433,67.46,46,100,9.08,KZ,2022-08-08 02:19:04
445,Tulum,20.2167,-87.4667,77.88,90,100,3.85,MX,2022-08-08 02:19:05
446,Akyab,20.15,92.9,79.9,89,100,11.5,MM,2022-08-08 02:19:05
447,Hervey Bay,-25.2986,152.8535,68.02,42,0,13.0,AU,2022-08-08 02:19:06
448,Mount Isa,-20.7333,139.5,71.37,18,0,12.66,AU,2022-08-08 02:19:06
449,Naze,28.3667,129.4833,86.92,70,0,4.32,JP,2022-08-08 02:19:06
450,Vetluzhskiy,58.3902,45.4654,60.82,97,51,3.89,RU,2022-08-08 02:19:07
451,Kiunga,-6.1219,141.2906,82.33,76,84,3.44,PG,2022-08-08 02:19:07
452,Mushie,-3.0167,16.9,75.61,52,24,3.22,CD,2022-08-08 02:19:07
453,Pierre,44.3683,-100.351,73.06,74,40,5.99,US,2022-08-08 02:19:08
454,Port Blair,11.6667,92.75,82.44,83,100,12.66,IN,2022-08-08 02:19:08
455,Asau,46.4333,26.4,63.52,96,14,3.24,RO,2022-08-08 02:19:09
456,Abu Kamal,34.4506,40.9171,84.51,24,1,8.99,SY,2022-08-08 02:19:09
457,Esperance,-33.8667,121.9,57.76,74,19,15.9,AU,2022-08-08 02:19:09
458,Lincoln,40.8,-96.667,74.28,80,100,11.5,US,2022-08-08 02:15:34
459,Ojinaga,29.5667,-104.4167,90.55,40,75,9.22,MX,2022-08-08 02:19:10
460,Caxito,-8.5785,13.6643,63.63,96,4,0.51,AO,2022-08-08 02:20:10
461,Carauari,-4.8828,-66.8958,74.25,93,98,1.1,BR,2022-08-08 02:17:54
462,Veraval,20.9,70.3667,81.45,87,100,7.54,IN,2022-08-08 02:20:11
463,Agadez,19.75,10.25,93.24,17,66,12.17,NE,2022-08-08 02:20:11
464,Cururupu,-1.8283,-44.8683,73.58,93,48,3.8,BR,2022-08-08 02:20:11
465,Grand Gaube,-20.0064,57.6608,66.38,78,1,3.0,MU,2022-08-08 02:20:12
466,Iracoubo,5.4802,-53.2011,79.61,80,98,9.08,GF,2022-08-08 02:20:12
467,Ugoofaaru,5.6667,73.0,80.51,82,100,16.44,MV,2022-08-08 02:20:13
468,Solnechnyy,50.7214,136.6319,65.52,98,100,4.05,RU,2022-08-08 02:20:13
469,Andenes,69.3143,16.1194,49.98,76,100,9.22,NO,2022-08-08 02:20:14
470,Jasper,37.2001,-94.3502,88.02,61,0,8.05,US,2022-08-08 02:20:14
471,Preobrazheniye,42.9019,133.9064,75.96,91,83,7.72,RU,2022-08-08 02:20:14
472,Port Macquarie,-31.4333,152.9167,63.9,63,21,15.1,AU,2022-08-08 02:20:15
473,Atikokan,48.7555,-91.6216,60.8,64,100,2.39,CA,2022-08-08 02:20:15
474,Tarauaca,-8.1614,-70.7656,74.3,90,98,1.99,BR,2022-08-08 02:20:15
475,Dauphin,51.1494,-100.0502,68.14,73,75,5.75,CA,2022-08-08 02:20:16
476,Kisangani,0.5167,25.2,70.12,91,84,1.97,CD,2022-08-08 02:20:16
477,Goya,-29.14,-59.2626,56.95,78,92,7.56,AR,2022-08-08 02:18:54
478,Innisfail,-17.5333,146.0333,72.1,86,86,11.65,AU,2022-08-08 02:20:16
479,Mayo,38.8876,-76.5119,85.12,89,0,11.5,US,2022-08-08 02:20:17
480,Beidao,34.5686,105.8933,85.82,55,83,7.74,CN,2022-08-08 02:20:17
481,Lyantonde,-0.4031,31.1572,64.94,60,28,2.44,UG,2022-08-08 02:20:18
482,Tumaco,1.7986,-78.8156,75.81,86,42,6.11,CO,2022-08-08 02:20:18
483,Henties Bay,-22.116,14.2845,54.14,91,96,6.82,NA,2022-08-08 02:20:18
484,Kedainiai,55.2883,23.9747,50.47,91,98,4.14,LT,2022-08-08 02:20:19
485,Kruisfontein,-34.0033,24.7314,56.88,94,100,14.92,ZA,2022-08-08 02:20:19
486,Praya,14.9215,-23.5087,79.34,89,75,11.5,CV,2022-08-08 02:19:55
487,Gamba,-2.65,10.0,67.82,85,61,4.88,GA,2022-08-08 02:20:19
488,Sampit,-2.5333,112.95,83.53,63,81,4.27,ID,2022-08-08 02:20:20
489,Payo,-3.7508,103.6372,82.08,64,56,2.59,ID,2022-08-08 02:20:20
490,Romitan,39.9343,64.3814,79.39,31,0,14.41,UZ,2022-08-08 02:20:20
491,Grand-Santi,4.25,-54.3833,75.72,77,97,3.18,GF,2022-08-08 02:20:21
492,Viedma,-40.8135,-62.9967,40.64,85,100,4.72,AR,2022-08-08 02:20:21
493,San Policarpo,12.1791,125.5072,82.27,71,97,1.23,PH,2022-08-08 02:20:21
494,Antalaha,-14.9003,50.2788,63.37,89,27,6.96,MG,2022-08-08 02:20:22
495,Porto Walter,-8.2686,-72.7439,71.46,97,45,0.94,BR,2022-08-08 02:20:22
496,Broome,42.2506,-75.833,77.77,83,0,6.91,US,2022-08-08 02:20:23
497,Codajas,-3.8367,-62.0569,78.08,71,59,1.03,BR,2022-08-08 02:20:23
498,Svetlogorsk,52.6333,29.7333,53.06,96,0,5.84,BY,2022-08-08 02:20:23
499,San Martin,-33.081,-68.4681,41.54,81,40,8.28,AR,2022-08-08 02:20:24
500,Palauig,15.435,119.9045,76.03,92,100,11.99,PH,2022-08-08 02:20:24
501,Doka,13.5167,35.7667,69.51,94,99,9.84,SD,2022-08-08 02:20:24
502,Menongue,-14.6585,17.691,51.66,42,0,4.52,AO,2022-08-08 02:20:25
503,Portland,45.5234,-122.6762,97.45,28,20,8.05,US,2022-08-08 02:19:27
504,Port Pirie,-33.1833,138.0167,58.35,46,0,6.08,AU,2022-08-08 02:20:25
505,Mangaldai,26.4333,92.0333,80.1,93,93,2.64,IN,2022-08-08 02:20:25
506,Pingliang,35.5392,106.6861,85.08,53,100,3.06,CN,2022-08-08 02:21:26
507,Ahuimanu,21.4447,-157.8378,86.94,67,75,13.8,US,2022-08-08 02:21:26
508,Asmara,15.3333,38.9333,57.02,84,100,8.68,ER,2022-08-08 02:21:26
509,Nongpoh,25.9,91.8833,76.57,91,29,0.29,IN,2022-08-08 02:21:27
510,Lewisville,33.0462,-96.9942,95.61,41,40,11.5,US,2022-08-08 02:21:13
511,Sherlovaya Gora,50.5667,116.25,60.57,45,1,17.29,RU,2022-08-08 02:21:27
512,Skibbereen,51.55,-9.2667,53.11,88,1,4.79,IE,2022-08-08 02:21:27
513,Urucui,-7.2294,-44.5561,78.03,34,2,6.17,BR,2022-08-08 02:21:28
514,Kloulklubed,7.0419,134.2556,81.1,77,84,15.1,PW,2022-08-08 02:21:28
515,Adeje,28.1227,-16.726,71.87,78,0,12.66,ES,2022-08-08 02:21:29
516,Poso,-1.3959,120.7524,83.55,67,54,2.17,ID,2022-08-08 02:21:29
517,Mineral Del Monte,20.1333,-98.6667,50.43,87,99,6.64,MX,2022-08-08 02:21:30
518,Avera,33.194,-82.5271,77.05,69,93,4.09,US,2022-08-08 02:21:30
519,Narrabri,-30.3167,149.7833,59.52,58,0,4.0,AU,2022-08-08 02:21:30
520,Kahului,20.8947,-156.47,91.42,43,40,20.71,US,2022-08-08 02:21:30
521,Taksimo,56.3444,114.8794,59.47,56,65,4.56,RU,2022-08-08 02:21:31
522,San Carlos De Bariloche,-41.1456,-71.3082,31.75,93,100,5.75,AR,2022-08-08 02:16:45
523,Storforshei,66.4043,14.5233,46.18,93,100,2.3,NO,2022-08-08 02:21:31
524,Ciudad Bolivar,8.1222,-63.5497,80.58,77,70,7.85,VE,2022-08-08 02:21:32
525,Dzerzhinsk,56.2389,43.4631,64.22,100,20,6.71,RU,2022-08-08 02:21:32
526,Markova,48.6758,24.4138,56.59,94,63,1.48,UA,2022-08-08 02:21:32
527,Myaundzha,63.0494,147.1858,69.89,37,12,10.54,RU,2022-08-08 02:21:33
528,Eureka,40.8021,-124.1637,69.21,81,69,1.99,US,2022-08-08 02:21:33
529,Tabuk,17.4189,121.4443,76.64,90,100,1.39,PH,2022-08-08 02:21:33
530,Volovo,48.5246,23.5056,58.12,96,36,4.72,UA,2022-08-08 02:21:33
531,Lumby,50.2498,-118.969,86.59,36,0,1.14,CA,2022-08-08 02:21:34
532,Lake Havasu City,34.4839,-114.3224,106.41,26,0,5.01,US,2022-08-08 02:17:22
533,Am Timan,11.0297,20.2827,70.61,95,100,0.87,TD,2022-08-08 02:21:34
534,Ziro,27.6333,93.8333,57.94,79,15,1.07,IN,2022-08-08 02:21:35
535,Kununurra,-15.7667,128.7333,87.78,37,40,8.05,AU,2022-08-08 02:21:03
536,Sechura,-5.5569,-80.8222,63.7,79,1,15.55,PE,2022-08-08 02:21:35
537,Bharatpur,27.2167,77.4833,83.35,73,78,4.61,IN,2022-08-08 02:21:35
538,Uvinza,-5.1036,30.3911,64.11,40,1,3.78,TZ,2022-08-08 02:21:36
539,Havre-Saint-Pierre,50.2334,-63.5986,61.16,59,0,10.36,CA,2022-08-08 02:21:36
540,Ulaangom,49.9811,92.0667,69.69,43,8,5.73,MN,2022-08-08 02:21:36
541,Waipawa,-41.4122,175.5153,45.84,93,100,20.85,NZ,2022-08-08 02:21:37
542,Belaya Gora,68.5333,146.4167,68.14,40,33,12.08,RU,2022-08-08 02:21:37
543,Rundu,-17.9333,19.7667,57.49,38,0,4.59,NA,2022-08-08 02:21:37
544,Champerico,14.3,-91.9167,81.43,78,100,9.78,GT,2022-08-08 02:21:38
545,Cutervo,-6.379,-78.8157,52.79,87,75,3.53,PE,2022-08-08 02:21:38
546,Iskateley,67.6803,53.1512,57.87,77,82,12.44,RU,2022-08-08 02:21:16
547,Les Cayes,18.2,-73.75,80.24,82,24,0.6,HT,2022-08-08 02:21:38
548,Kirakira,-10.4544,161.9205,82.8,71,82,7.99,SB,2022-08-08 02:21:39
549,Jiuquan,39.7432,98.5174,77.47,34,43,5.55,CN,2022-08-08 02:21:39
550,Rapid Valley,44.0625,-103.1463,73.72,66,0,3.44,US,2022-08-08 02:22:40
551,Dimapur,25.9,93.7333,84.11,78,7,2.42,IN,2022-08-08 02:22:40
552,Fontenay-Le-Comte,46.5833,-1.0,65.84,40,93,13.58,FR,2022-08-08 02:22:40
553,Amga,60.8953,131.9608,65.21,59,93,8.75,RU,2022-08-08 02:22:41
554,Tiznit,29.5833,-9.5,74.39,36,0,3.49,MA,2022-08-08 02:22:41
555,Nalut,30.3333,10.85,79.07,35,0,12.8,LY,2022-08-08 02:22:41
556,Caceres,39.522,-6.3748,71.4,45,0,2.04,ES,2022-08-08 02:22:41
557,Lagoa,39.05,-27.9833,73.27,81,16,17.22,PT,2022-08-08 02:22:42
558,Lynn Haven,30.2455,-85.6483,75.06,96,0,0.0,US,2022-08-08 02:22:42
