ZIP,Population
14526,19804
14580,50587
12983,7494
14744,2094
10305,41749
14227,23426
11220,99598
13090,30124
10954,23045
14853,
11040,40782
12205,26977
11976,1565
12590,35102
11212,84500
12534,17867
14204,8691
10901,23465
12180,53606
10065,32270
13027,31637
14621,33802
11954,3326
12534,17867
11710,34496
12110,21908
11901,27172
12020,31192
12477,18787
13441,
12144,20555
14223,22665
12983,7494
14850,63886
14616,28534
12054,16918
14744,2094
12866,36915
14731,1576
12866,36915
10022,31924
14072,20374
12065,41776
11766,12635
13326,5561
12561,18308
11705,8030
12203,29952
10025,94600
11415,19341
12204,7349
14210,14694
10314,85510
10028,45141
10523,7444
10013,27700
14830,19850
12202,9628
11732,3430
12211,11303
12065,41776
10069,5199
14850,63886
14564,14487
10573,38352
10033,53926
13413,16135
12817,2274
14623,27173
12970,963
12205,26977
12065,41776
14617,22789
12569,9826
14612,34515
12211,11303
10954,23045
13365,8906
10016,54183
14210,14694
11570,26646
13473,766
11967,26583
14450,41104
14472,8598
10280,7853
10022,31924
13077,6735
10301,39706
12983,7494
14760,18775
14221,53555
12853,1770
10075,26121
12203,29952
12946,5492
11520,43341
12202,9628
13032,12790
14845,20453
14617,22789
12522,5172
14617,22789
12866,36915
14626,30041
14203,
10007,6988
12525,3311
11203,76174
14604,
13202,5438
12180,53606
14210,14694
10570,12680
10065,32270
12203,29952
11569,1398
10025,94600
14216,22431
11232,28265
11372,66636
10036,24711
12009,7164
13080,3631
12110,21908
12205,26977
12953,15836
12189,17568
12303,29857
12009,7164
12095,12606
14604,
12545,4763
12203,29952
14865,2607
10911,
12305,5716
14211,22611
14487,6025
13320,2018
10924,13120
12180,53606
10976,2258
11433,32687
12020,31192
10956,31521
14048,15072
10466,67813
11219,92221
13021,39506
14606,28255
10021,43631
12202,9628
12866,36915
12110,21908
13413,16135
14225,33385
10023,60998
14853,
13126,37205
12901,33439
11215,63488
12601,43398
14063,14870
11201,51128
13655,3512
10044,11661
14850,63886
14623,27173
13203,16029
11793,32298
12308,15335
13090,30124
12180,53606
10036,24711
12804,26540
12211,11303
13202,5438
12526,3686
12134,3516
13210,27606
10021,43631
13495,2144
10463,67970
12493,
10306,55909
11590,45768
12209,10121
11096,8344
10926,3203
10036,24711
12189,17568
10562,31796
10069,5199
10002,81410
10021,43631
10475,40931
10036,24711
12205,26977
14626,30041
14607,16223
12771,14511
13601,38158
13502,33257
12203,29952
12504,
10025,94600
11217,35881
12308,15335
12561,18308
14203,
12305,5716
11933,6844
13244,
12801,14707
12804,26540
14621,33802
14203,
14865,2607
11729,28032
12866,36915
12047,19664
12548,1494
12547,2891
12550,54447
12302,27582
10562,31796
10281,
14127,29961
12180,53606
12302,27582
12211,11303
12065,41776
10022,31924
11758,53804
12180,53606
10001,21102
12561,18308
13032,12790
14624,36296
13045,30112
10019,42870
11206,81677
12204,7349
14226,29267
12047,19664
12189,17568
10940,48418
13502,33257
12208,20702
12804,26540
12561,18308
12901,33439
12401,35040
12207,1948
13027,31637
10017,16575
12529,2859
12110,21908
12946,5492
14701,40730
13413,16135
13066,12390
12401,35040
11231,33336
12207,1948
10028,45141
11101,25484
12804,26540
10013,27700
14411,14491
11934,7263
11222,36934
12047,19664
12047,19664
13827,11759
10021,43631
12801,14707
12571,9918
14136,5033
13045,30112
13206,16443
10011,50984
10601,11376
10567,19929
11738,17638
12997,1239
10562,31796
11101,25484
12019,14740
14220,24227
12203,29952
11901,27172
11109,3523
14744,2094
10011,50984
10606,16499
13905,28026
10028,45141
12845,4842
14228,20857
11758,53804
14445,8019
12110,21908
11968,11593
12009,7164
14006,9858
10606,16499
12845,4842
11803,28127
14886,6753
12211,11303
12866,36915
14203,
12804,26540
11379,34821
13322,1076
12189,17568
12946,5492
11937,15398
11101,25484
12205,26977
12401,35040
10022,31924
12485,865
12110,21908
10591,22540
14206,20751
14202,3911
13027,31637
12065,41776
12010,28937
12302,27582
13617,11299
12065,41776
10707,10097
10960,15093
12534,17867
12302,27582
11201,51128
14210,14694
14750,4426
11790,18511
14203,
11211,90117
10065,32270
10001,21102
12054,16918
12020,31192
11219,92221
12065,41776
11793,32298
11530,27273
10028,45141
12065,41776
10012,24090
12804,26540
12205,26977
11738,17638
10471,22922
14424,27007
11371,
11710,34496
12110,21908
14850,63886
12065,41776
11755,12387
12305,5716
14502,10691
11735,32098
11377,89830
12901,33439
10801,40827
10580,17208
12561,18308
10956,31521
10901,23465
13367,8830
12561,18308
12401,35040
11901,27172
14063,14870
13812,2348
12804,26540
14456,20087
13032,12790
14623,27173
12198,7903
10002,81410
12205,26977
12451,1674
12110,21908
12065,41776
12010,28937
10538,16597
13904,9579
12804,26540
12603,42810
12304,21482
11790,18511
13323,11323
10533,7322
14830,19850
13326,5561
12866,36915
14850,63886
14424,27007
13850,22004
12946,5492
10019,42870
12207,1948
10463,67970
14450,41104
10019,42870
12210,10158
14209,7926
14139,2125
12208,20702
10708,21225
11964,1858
12936,599
10065,32270
12061,9050
14063,14870
11901,27172
12701,11324
12866,36915
12866,36915
10033,53926
12422,339
13368,1118
12189,17568
14837,5648
12309,29343
12508,19880
14214,19775
11954,3326
13165,10741
11215,63488
12866,36915
14623,27173
12205,26977
12828,9448
10803,12435
10552,19786
11201,51128
10030,26999
12528,13344
14228,20857
12801,14707
10802,
12866,36915
14424,27007
10034,38908
12801,14707
12401,35040
14502,10691
10025,94600
14615,16099
14607,16223
11101,25484
11101,25484
10017,16575
10601,11376
10023,60998
12180,53606
10069,5199
11777,8968
12110,21908
10022,31924
11963,6622
10001,21102
14623,27173
12010,28937
10028,45141
13152,7941
14092,11086
13662,16582
12054,16918
14623,27173
13066,12390
11219,92221
14905,9070
13308,3625
12110,21908
12561,18308
10507,6408
12110,21908
13850,22004
14204,8691
12801,14707
10004,3089
12477,18787
11961,12834
11101,25484
12205,26977
12047,19664
12065,41776
10801,40827
14810,12356
14760,18775
12414,10510
12180,53606
14226,29267
10708,21225
14222,14046
11530,27273
12110,21908
12211,11303
11701,27109
12081,
10001,21102
14222,14046
13027,31637
13617,11299
11201,51128
13057,14992
11947,416
10044,11661
12166,1363
12803,7567
12759,1649
12946,5492
13413,16135
12065,41776
12209,10121
12205,26977
10065,32270
12189,17568
12946,5492
14221,53555
13820,22455
10710,25120
11201,51128
10604,11250
11368,109931
13850,22004
10913,5532
12866,36915
14203,
14131,5283
14903,7567
11771,10007
14818,1745
14870,9821
12180,53606
14210,14694
11964,1858
11772,44837
12020,31192
12205,26977
12009,7164
13901,19773
10035,33969
12901,33439
10605,18126
10530,12604
10282,4783
11354,54878
12305,5716
13032,12790
10065,32270
11520,43341
11976,1565
11706,62543
12601,43398
12065,41776
13502,33257
14214,19775
14623,27173
12845,4842
12401,35040
10003,56024
12302,27582
11758,53804
12946,5492
11201,51128
13210,27606
10014,31959
12054,16918
10917,1968
10023,60998
12180,53606
12159,7896
14513,13976
12866,36915
12110,21908
12204,7349
11217,35881
12534,17867
11101,25484
11788,16821
14103,11183
12180,53606
14618,22920
14620,25141
13210,27606
14623,27173
12159,7896
12529,2859
13601,38158
12514,2938
14903,7567
14203,
10065,32270
14456,20087
10538,16597
14420,20467
12309,29343
12590,35102
12540,7802
14214,19775
13502,33257
10562,31796
10036,24711
12866,36915
12701,11324
12571,9918
14225,33385
14623,27173
11354,54878
10036,24711
13346,6735
12572,9123
11219,92221
14620,25141
12202,9628
12801,14707
12189,17568
14850,63886
13731,1162
14611,17396
10524,4421
11249,
12077,6246
11377,89830
13126,37205
12203,29952
14620,25141
14210,14694
14618,22920
12498,4851
12054,16918
10010,31834
10025,94600
12853,1770
12211,11303
12110,21908
14850,63886
12009,7164
11776,24235
11720,29189
13026,1914
12010,28937
10024,59283
12866,36915
10701,63393
12205,26977
14580,50587
14850,63886
14202,3911
12305,5716
11964,1858
14020,23306
14559,18057
14472,8598
14850,63886
10573,38352
12866,36915
11961,12834
14850,63886
11238,49262
12211,11303
12604,
11746,67094
11355,85871
14221,53555
14414,7142
11801,39553
12309,29343
14216,22431
12015,3010
12308,15335
12308,15335
13495,2144
10021,43631
11743,42230
14450,41104
14226,29267
12993,1623
10595,8195
12992,4778
12009,7164
10314,85510
14454,11073
10016,54183
10024,59283
11530,27273
12110,21908
11746,67094
14226,29267
14456,20087
12047,19664
10595,8195
11433,32687
13045,30112
10022,31924
10019,42870
10080,
14221,53555
11514,4673
13027,31637
10044,11661
12203,29952
14445,8019
12065,41776
12901,33439
12020,31192
10011,50984
14627,
12020,31192
12009,7164
14546,4695
10538,16597
11703,16415
14886,6753
12804,26540
12513,651
12205,26977
11554,38132
12110,21908
12446,5061
10280,7853
10025,94600
11231,33336
12206,16395
10028,45141
13346,6735
13030,3892
10570,12680
10965,14791
14428,8096
13850,22004
12205,26977
14502,10691
11101,25484
12561,18308
14513,13976
12309,29343
12901,33439
11201,51128
12801,14707
12302,27582
12110,21908
13413,16135
11369,38615
12084,4271
11423,29987
11106,38875
14414,7142
11703,16415
13064,64
10022,31924
10280,7853
14864,1307
12901,33439
10065,32270
10021,43631
11375,68733
10011,50984
13036,8680
12118,13897
12205,26977
12571,9918
14564,14487
10003,56024
14203,
13904,9579
11217,35881
14779,6932
10026,34003
12065,41776
12203,29952
11354,54878
11432,60809
12164,365
14623,27173
12401,35040
14604,
11577,12337
12065,41776
11367,41047
11724,3220
12303,29857
10520,12810
12538,14578
10065,32270
12110,21908
12401,35040
13820,22455
12401,35040
12020,31192
14203,
10924,13120
14850,63886
14127,29961
10021,43631
12540,7802
13202,5438
14072,20374
12572,9123
12496,1634
14701,40730
13340,8205
11570,26646
12180,53606
11747,19803
13212,20356
10314,85510
13850,22004
12986,6120
13045,30112
14221,53555
12203,29952
14454,11073
12305,5716
12801,14707
12308,15335
14127,29961
12189,17568
14813,2520
12801,14707
13088,22156
12866,36915
12205,26977
13090,30124
13753,5848
14031,9392
12118,13897
11232,28265
12534,17867
10003,56024
14617,22789
11371,
10033,53926
10309,32519
10928,4175
14626,30041
12983,7494
14731,1576
10954,23045
13360,333
10021,43631
12866,36915
10023,60998
10016,54183
12020,31192
12033,7851
12203,29952
12561,18308
12852,436
14607,16223
10965,14791
10552,19786
11725,29150
10708,21225
14432,5726
10012,24090
12801,14707
11205,40366
10017,16575
14086,31847
11375,68733
10044,11661
12308,15335
14221,53555
12205,26977
11767,14530
10021,43631
11738,17638
12508,19880
12143,5137
12866,36915
12211,11303
12601,43398
10025,94600
10901,23465
10028,45141
14456,20087
14609,42571
14418,1325
14580,50587
12009,7164
10023,60998
12180,53606
12305,5716
10065,32270
11249,
13441,
11435,53687
12180,53606
12010,28937
10016,54183
14211,22611
13901,19773
10019,42870
14150,41676
11590,45768
12054,16918
12594,4275
11949,14573
12110,21908
12205,26977
14472,8598
13210,27606
10036,24711
10804,14146
14221,53555
11219,92221
14420,20467
12047,19664
14211,22611
12561,18308
12946,5492
10958,3291
10027,59707
10003,56024
10019,42870
12831,17416
12208,20702
14456,20087
10514,11946
14551,5651
11354,54878
11735,32098
10016,54183
10016,54183
14891,4149
12970,963
14221,53555
14228,20857
12534,17867
12845,4842
14845,20453
12054,16918
12180,53606
12304,21482
12302,27582
12207,1948
14623,27173
12401,35040
12974,1599
10022,31924
12828,9448
14607,16223
11694,20408
10994,7085
14305,16898
12306,25636
14617,22789
14221,53555
12550,54447
10014,31959
11103,38780
14719,3497
11230,86408
14626,30041
11249,
13502,33257
14891,4149
13088,22156
13905,28026
12077,6246
12087,1073
14203,
11714,22658
12110,21908
12845,4842
14120,45100
10280,7853
14787,5121
10128,60453
14456,20087
13027,31637
12205,26977
10954,23045
14304,30389
10024,59283
14228,20857
14203,
12110,21908
10013,27700
11701,27109
12302,27582
12304,21482
12901,33439
12983,7494
13478,3083
12564,7338
12182,14733
12110,21908
12866,36915
12180,53606
12037,4015
12189,17568
13655,3512
12601,43398
14623,27173
10940,48418
10017,16575
12866,36915
13202,5438
10606,16499
10155,
13478,3083
12477,18787
11379,34821
12203,29952
13760,44264
11101,25484
10019,42870
12164,365
12110,21908
12180,53606
11590,45768
11201,51128
14513,13976
12485,865
14454,11073
12180,53606
12928,2028
14850,63886
13090,30124
12946,5492
12484,2733
12814,1574
14141,7728
12901,33439
10011,50984
13053,5015
13088,22156
12189,17568
10013,27700
11215,63488
14701,40730
11570,26646
14225,33385
12084,4271
10012,24090
10475,40931
12946,5492
14757,3487
13057,14992
10706,8679
12804,26540
12020,31192
10467,97060
12845,4842
12601,43398
12804,26540
11542,27633
12211,11303
13655,3512
12009,7164
11203,76174
14304,30389
12496,1634
10310,24962
14127,29961
14612,34515
12205,26977
14586,10256
14221,53555
12053,4587
12804,26540
10601,11376
13676,16646
10701,63393
14733,3833
14624,36296
11757,45700
12009,7164
13904,9579
13850,22004
12603,42810
12428,6602
12084,4271
10014,31959
11937,15398
13021,39506
13202,5438
12561,18308
12814,1574
10016,54183
10022,31924
13350,10093
12701,11324
12020,31192
10533,7322
14020,23306
13090,30124
11232,28265
14534,31426
13326,5561
12203,29952
14543,3152
12549,10201
12401,35040
10075,26121
13027,31637
12534,17867
11968,11593
11729,28032
14467,9105
14623,27173
12590,35102
10954,23045
11205,40366
10016,54183
14075,41937
11768,21902
14870,9821
12211,11303
12866,36915
13027,31637
10019,42870
12180,53606
10032,57331
12401,35040
10021,43631
10505,851
12801,14707
14519,11581
12204,7349
10548,3487
12065,41776
12095,12606
12054,16918
11211,90117
10044,11661
10128,60453
13088,22156
11552,23616
14221,53555
14221,53555
14203,
14221,53555
14011,9822
13212,20356
14750,4426
14843,13043
12477,18787
12302,27582
12209,10121
14701,40730
10022,31924
14069,844
11530,27273
10522,10875
12020,31192
14171,2077
12304,21482
10598,28647
14214,19775
13850,22004
13045,30112
13039,17537
11374,43600
11361,28606
10021,43631
12217,
12205,26977
12205,26977
11964,1858
13601,38158
10022,31924
12110,21908
12205,26977
11968,11593
10075,26121
14519,11581
12180,53606
10069,5199
11777,8968
10038,20300
14480,833
13021,39506
14414,7142
14221,53555
14210,14694
10591,22540
12589,17228
10065,32270
12206,16395
14701,40730
10016,54183
12037,4015
11964,1858
14611,17396
11701,27109
10021,43631
14625,10387
12748,2076
12866,36915
12205,26977
10128,60453
12601,43398
11901,27172
13903,18763
12043,8509
12180,53606
10018,5229
13755,1228
14209,7926
11757,45700
10025,94600
14222,14046
10583,38982
11961,12834
12203,29952
12047,19664
12009,7164
14564,14487
10580,17208
12205,26977
13323,11323
12144,20555
10940,48418
12203,29952
10010,31834
12202,9628
11372,66636
12845,4842
13126,37205
10952,38917
14623,27173
14614,
14214,19775
12009,7164
14204,8691
10467,97060
14209,7926
10011,50984
12159,7896
11978,3255
12983,7494
14420,20467
12180,53606
10019,42870
14853,
12866,36915
11590,45768
14840,3061
12943,459
11249,
10028,45141
12206,16395
13057,14992
12477,18787
10033,53926
12534,17867
11790,18511
14468,17813
10583,38982
11217,35881
12601,43398
12571,9918
11530,27273
12203,29952
11570,26646
12501,2457
12529,2859
12601,43398
14075,41937
10025,94600
12144,20555
13066,12390
12211,11303
14020,23306
13850,22004
12866,36915
14850,63886
14623,27173
11598,13328
12202,9628
11101,25484
14617,22789
14303,5981
13460,4429
10940,48418
13601,38158
12010,28937
12065,41776
13126,37205
12804,26540
14618,22920
10003,56024
12942,646
10033,53926
12095,12606
14063,14870
12054,16918
11570,26646
10520,12810
10962,5950
10035,33969
13032,12790
14555,974
12010,28937
12110,21908
12601,43398
14420,20467
12207,1948
13323,11323
10019,42870
14072,20374
14564,14487
11101,25484
10025,94600
10940,48418
11430,
13126,37205
10536,10739
11901,27172
12565,1487
11729,28032
11215,63488
12010,28937
14744,2094
11703,16415
11901,27172
11010,23821
12401,35040
12845,4842
10305,41749
12803,7567
13204,19931
12401,35040
10016,54183
14760,18775
13478,3083
10314,85510
12814,1574
12992,4778
14623,27173
12309,29343
13478,3083
14605,12610
12159,7896
13027,31637
14615,16099
11249,
10598,28647
14420,20467
14612,34515
14043,24742
10954,23045
10019,42870
13850,22004
14204,8691
12203,29952
13309,5889
14620,25141
13326,5561
12118,13897
12946,5492
14818,1745
11375,68733
14623,27173
12603,42810
11968,11593
10016,54183
13815,13999
11735,32098
12983,7494
14203,
14843,13043
12950,929
12189,17568
14615,16099
13164,2338
10128,60453
12804,26540
11201,51128
11978,3255
11530,27273
12831,17416
11201,51128
10017,16575
12853,1770
14416,3817
12033,7851
11415,19341
14623,27173
14210,14694
13057,14992
14210,14694
14616,28534
12305,5716
11791,25076
10591,22540
10003,56024
14150,41676
13326,5561
11754,18958
10007,6988
12308,15335
11219,92221
14221,53555
12866,36915
13037,8897
12814,1574
12524,15598
12211,11303
12302,27582
13210,27606
13346,6735
13753,5848
11239,13393
12883,5025
11961,12834
12305,5716
13164,2338
13027,31637
13413,16135
12186,6277
10028,45141
12305,5716
14226,29267
12866,36915
12804,26540
14610,14233
14830,19850
10014,31959
12561,18308
10023,60998
11949,14573
12203,29952
14850,63886
10901,23465
12047,19664
14127,29961
10075,26121
13142,6451
10025,94600
13210,27606
10990,20631
10025,94600
12472,1572
12203,29952
13030,3892
10567,19929
12207,1948
12065,41776
12180,53606
10003,56024
12305,5716
12180,53606
13202,5438
12211,11303
12211,11303
10536,10739
11901,27172
14604,
13210,27606
14204,8691
10014,31959
12306,25636
11772,44837
10028,45141
12561,18308
12211,11303
11795,26030
10016,54183
12110,21908
13850,22004
12561,18308
11703,16415
12202,9628
12754,7221
11968,11593
12010,28937
10014,31959
12208,20702
14850,63886
11577,12337
10128,60453
10562,31796
12180,53606
12203,29952
12845,4842
14586,10256
12804,26540
13905,28026
12866,36915
11430,
14617,22789
12210,10158
14534,31426
11209,68853
12567,2854
14202,3911
11780,15524
12186,6277
13027,31637
11790,18511
14607,16223
10021,43631
10128,60453
12203,29952
13905,28026
12110,21908
10011,50984
12302,27582
12211,11303
12015,3010
12189,17568
12204,7349
11101,25484
13694,1507
10028,45141
11901,27172
14303,5981
10024,59283
12205,26977
12932,1236
10011,50984
10075,26121
10595,8195
12204,7349
14228,20857
12205,26977
12205,26977
10016,54183
12009,7164
11726,19857
11215,63488
14623,27173
10016,54183
12110,21908
14623,27173
11432,60809
11788,16821
10960,15093
14127,29961
13413,16135
14203,
10309,32519
11747,19803
12972,6364
13088,22156
13326,5561
14626,30041
13417,3305
14204,8691
11430,
14427,1964
12205,26977
14626,30041
13206,16443
12449,3367
11040,40782
13795,3800
12054,16918
12203,29952
11355,85871
12953,15836
12078,23773
12305,5716
12020,31192
11209,68853
14850,63886
11720,29189
11217,35881
12901,33439
10014,31959
10028,45141
10028,45141
11931,
12571,9918
12020,31192
12206,16395
11801,39553
12484,2733
11772,44837
12866,36915
11371,
11219,92221
10028,45141
12553,24438
14228,20857
12065,41776
10460,57311
14202,3911
10965,14791
12701,11324
12144,20555
10027,59707
11901,27172
14618,22920
10023,60998
12205,26977
12977,
10013,27700
12205,26977
10901,23465
14036,5201
10591,22540
11211,90117
11590,45768
10016,54183
11788,16821
12953,15836
12309,29343
14203,
12205,26977
12946,5492
10007,6988
11954,3326
13323,11323
10940,48418
12198,7903
10028,45141
12047,19664
14020,23306
12401,35040
11201,51128
14226,29267
12095,12606
14489,7192
13346,6735
11213,63767
12054,16918
11205,40366
11954,3326
11958,635
10901,23465
14623,27173
10924,13120
14221,53555
12804,26540
12525,3311
11743,42230
10013,27700
13478,3083
13495,2144
10589,8475
14612,34515
12801,14707
10917,1968
14850,63886
11375,68733
14482,8275
14624,36296
12208,20702
11735,32098
14445,8019
10128,60453
12033,7851
14141,7728
13326,5561
12047,19664
13655,3512
14779,6932
13108,6175
14221,53555
11961,12834
11238,49262
14450,41104
12189,17568
12993,1623
11790,18511
11372,66636
12804,26540
14580,50587
11747,19803
11432,60809
12180,53606
12866,36915
12205,26977
11738,17638
11757,45700
12828,9448
10708,21225
12777,764
14214,19775
12207,1948
10065,32270
12095,12606
12901,33439
12203,29952
12211,11303
13066,12390
14618,22920
14760,18775
10543,20135
12866,36915
14210,14694
12019,14740
12901,33439
10010,31834
14432,5726
11702,14498
12309,29343
12303,29857
14213,24465
10028,45141
10573,38352
12189,17568
11971,5818
12180,53606
12534,17867
12601,43398
12401,35040
14228,20857
12974,1599
13210,27606
10577,6552
11206,81677
10541,26339
14564,14487
11954,3326
13478,3083
10010,31834
12866,36915
13210,27606
11961,12834
12903,1217
10562,31796
12866,36915
14813,2520
13027,31637
10069,5199
13212,20356
14513,13976
12866,36915
14411,14491
14450,41104
10105,
11101,25484
13039,17537
10305,41749
13159,5184
12308,15335
12912,1998
12901,33439
11101,25484
11109,3523
11211,90117
11590,45768
12414,10510
11790,18511
12010,28937
12901,33439
11215,63488
14203,
12110,21908
12508,19880
12084,4271
14845,20453
10023,60998
13021,39506
10016,54183
11729,28032
12302,27582
12571,9918
14075,41937
12834,6594
10601,11376
14075,41937
12866,36915
10514,11946
11201,51128
13655,3512
10128,60453
12157,4061
10589,8475
13492,11596
12847,605
12804,26540
10023,60998
14623,27173
12020,31192
10533,7322
10710,25120
12804,26540
11217,35881
11784,24655
12019,14740
13165,10741
14203,
14618,22920
12561,18308
11101,25484
13090,30124
10044,11661
10280,7853
13165,10741
11105,36688
11743,42230
10016,54183
13021,39506
10025,94600
12401,35040
12601,43398
13601,38158
13413,16135
10901,23465
12110,21908
13021,39506
10024,59283
11373,100820
12065,41776
11231,33336
11954,3326
12866,36915
10016,54183
10003,56024
13413,16135
11433,32687
12302,27582
13027,31637
10580,17208
10001,21102
12866,36915
14204,8691
12804,26540
11201,51128
12186,6277
14052,17329
13667,3181
12205,26977
14850,63886
12303,29857
12205,26977
10010,31834
10940,48418
12996,2086
10022,31924
10019,42870
12110,21908
12309,29343
14870,9821
12203,29952
12561,18308
11201,51128
12065,41776
12801,14707
10470,15293
12534,17867
13212,20356
12997,1239
14127,29961
10024,59283
14225,33385
12180,53606
12205,26977
13204,19931
14214,19775
12561,18308
12208,20702
14618,22920
11211,90117
14094,50666
12205,26977
12309,29343
10019,42870
14607,16223
12020,31192
11217,35881
11248,
11580,40113
12571,9918
10701,63393
11249,
10069,5199
13413,16135
12446,5061
14204,8691
13421,14125
11572,30574
11944,4299
10941,13779
10580,17208
12165,175
11772,44837
14850,63886
14623,27173
11937,15398
10282,4783
12203,29952
11735,32098
10965,14791
11040,40782
12020,31192
12180,53606
11105,36688
13617,11299
13316,6460
13502,33257
13346,6735
10012,24090
10549,16638
12047,19664
10514,11946
13601,38158
14048,15072
11790,18511
12065,41776
12009,7164
14424,27007
10543,20135
11203,76174
14747,2289
10001,21102
11354,54878
12801,14707
14548,4249
12084,4271
13202,5438
12845,4842
12106,2193
11795,26030
14203,
11901,27172
14617,22789
10005,7135
12065,41776
14454,11073
12508,19880
14210,14694
13210,27606
12401,35040
14850,63886
10314,85510
12029,1113
11777,8968
10011,50984
13695,134
14604,
13850,22004
10968,2353
11968,11593
11219,92221
11530,27273
14607,16223
11702,14498
12803,7567
11801,39553
14433,4629
11757,45700
12580,4402
10538,16597
11963,6622
12054,16918
11101,25484
12866,36915
12853,1770
41076,16468
11211,90117
13021,39506
14221,53555
12203,29952
14072,20374
12701,11324
12180,53606
11545,12065
12110,21908
14222,14046
12208,20702
12065,41776
12401,35040
10023,60998
12534,17867
12804,26540
12164,365
11215,63488
13617,11299
12853,1770
13126,37205
13662,16582
10023,60998
14202,3911
11201,51128
14750,4426
12184,7148
10011,50984
13035,8617
10011,50984
12983,7494
13290,
11224,47621
12047,19664
14445,8019
12484,2733
13027,31637
12183,2620
10463,67970
14203,
13676,16646
11735,32098
11772,44837
12211,11303
12054,16918
12009,7164
13408,4280
10507,6408
12804,26540
12189,17568
11581,20844
14527,12820
12208,20702
10901,23465
10014,31959
10536,10739
12110,21908
10019,42870
13830,5042
10065,32270
10701,63393
11235,79132
14211,22611
11201,51128
10022,31924
12866,36915
10576,5116
12866,36915
14514,6389
14526,19804
14416,3817
12205,26977
12853,1770
12205,26977
12449,3367
10011,50984
14530,5575
12814,1574
14020,23306
12309,29343
12561,18308
12010,28937
13905,28026
10605,18126
10075,26121
10990,20631
13037,8897
12788,2908
12065,41776
14611,17396
12866,36915
12901,33439
12302,27582
12477,18787
14210,14694
12303,29857
12207,1948
11901,27172
10155,
13478,3083
12801,14707
11787,35772
14211,22611
11703,16415
10069,5199
14701,40730
10019,42870
11101,25484
14072,20374
11755,12387
12198,7903
12950,929
10940,48418
12205,26977
10468,76103
12180,53606
12401,35040
14901,16736
12206,16395
14221,53555
10280,7853
13066,12390
14127,29961
12804,26540
11215,63488
12180,53606
12110,21908
12401,35040
14810,12356
14209,7926
14203,
10924,13120
12480,634
13210,27606
14614,
10606,16499
14216,22431
14043,24742
10022,31924
12208,20702
14445,8019
12065,41776
14612,34515
13601,38158
13027,31637
12921,2410
10006,3011
12572,9123
10021,43631
12304,21482
13413,16135
11106,38875
14221,53555
14040,2217
12946,5492
14221,53555
12144,20555
14127,29961
11980,4990
11413,38912
12804,26540
12144,20555
12202,9628
11944,4299
12986,6120
10021,43631
11435,53687
12302,27582
10025,94600
14303,5981
12866,36915
14621,33802
14617,22789
12953,15836
12159,7896
12205,26977
14572,5081
12866,36915
11788,16821
11901,27172
11762,22360
14617,22789
12484,2733
12211,11303
10035,33969
12845,4842
10016,54183
10005,7135
10128,60453
12110,21908
10314,85510
10019,42870
11373,100820
12033,7851
11225,56829
14214,19775
14623,27173
14445,8019
11430,
10307,14096
12010,28937
11219,92221
14223,22665
13904,9579
12308,15335
12601,43398
12018,7930
12983,7494
11415,19341
14202,3911
12009,7164
12047,19664
12189,17568
12205,26977
14221,53555
14626,30041
13078,9866
12561,18308
12845,4842
12207,1948
10002,81410
12047,19664
12205,26977
10065,32270
12144,20555
12946,5492
11375,68733
12866,36915
12047,19664
13850,22004
10021,43631
12970,963
10021,43631
12206,16395
14623,27173
12309,29343
14072,20374
12508,19880
12065,41776
12401,35040
12054,16918
12870,1509
14203,
12065,41776
11370,39688
12804,26540
12065,41776
14454,11073
14843,13043
12204,7349
14051,19533
12203,29952
10036,24711
12095,12606
14020,23306
12801,14707
11106,38875
12901,33439
14559,18057
11201,51128
14850,63886
10607,6824
12065,41776
14420,20467
12883,5025
10606,16499
12302,27582
11375,68733
14616,28534
10002,81410
12866,36915
12186,6277
11791,25076
12084,4271
12020,31192
13057,14992
10601,11376
11901,27172
12561,18308
11937,15398
10044,11661
11755,12387
12946,5492
11790,18511
10035,33969
12180,53606
13323,11323
12306,25636
10604,11250
13440,42986
10014,31959
13617,11299
14150,41676
10010,31834
13088,22156
10021,43631
12051,7070
10019,42870
12401,35040
11232,28265
12401,35040
14623,27173
10017,16575
12834,6594
14614,
14203,
12009,7164
14625,10387
13812,2348
14850,63886
10012,24090
12561,18308
11530,27273
14604,
12936,599
12010,28937
12996,2086
12054,16918
14214,19775
12804,26540
10992,9621
12518,5870
10305,41749
14580,50587
10025,94600
10003,56024
12302,27582
14214,19775
10460,57311
10023,60998
11949,14573
12946,5492
10306,55909
10025,94600
13760,44264
10543,20135
11747,19803
12831,17416
14482,8275
12531,3601
14127,29961
12866,36915
12159,7896
13420,1266
14850,63886
12804,26540
10036,24711
12180,53606
10001,21102
14850,63886
10940,48418
10028,45141
11354,54878
10075,26121
12033,7851
12804,26540
13905,28026
13316,6460
12010,28937
13655,3512
10069,5199
14209,7926
14701,40730
12866,36915
12065,41776
13421,14125
14830,19850
11961,12834
14210,14694
14534,31426
10583,38982
12804,26540
12203,29952
11355,85871
14221,53555
14150,41676
11550,56435
12182,14733
12571,9918
12474,1162
11373,100820
12804,26540
14223,22665
11371,
12534,17867
12901,33439
14609,42571
10562,31796
10591,22540
14150,41676
12009,7164
12188,10980
13204,19931
12205,26977
10018,5229
12184,7148
14617,22789
12853,1770
12308,15335
14202,3911
14214,19775
10926,3203
12084,4271
12845,4842
14903,7567
12309,29343
12211,11303
10591,22540
14891,4149
12946,5492
11717,60745
14221,53555
14621,33802
14009,5672
11971,5818
14221,53555
11954,3326
10965,14791
12866,36915
12305,5716
12309,29343
13323,11323
14472,8598
12921,2410
12309,29343
12866,36915
10976,2258
11901,27172
12110,21908
10522,10875
11201,51128
12205,26977
10016,54183
10028,45141
12054,16918
10019,42870
12110,21908
14227,23426
12065,41776
14569,6211
10016,54183
14527,12820
14059,8933
14818,1745
10010,31834
10954,23045
12020,31192
12534,17867
11385,98592
11572,30574
11430,
12749,300
13413,16135
14526,19804
14850,63886
12065,41776
12206,16395
11706,62543
13088,22156
11735,32098
12205,26977
12309,29343
13502,33257
13905,28026
10019,42870
10468,76103
12020,31192
12205,26977
12569,9826
14623,27173
11215,63488
12065,41776
14150,41676
12302,27582
10128,60453
10940,48418
14020,23306
14701,40730
13210,27606
13202,5438
11769,9506
12742,181
14701,40730
12065,41776
14472,8598
14075,41937
14546,4695
14845,20453
10001,21102
11105,36688
14203,
10022,31924
14886,6753
13104,15567
14617,22789
11550,56435
13350,10093
10065,32270
13035,8617
14513,13976
10604,11250
10509,19507
12946,5492
14214,19775
12983,7494
13617,11299
14210,14694
14204,8691
14228,20857
12845,4842
11215,63488
11581,20844
11720,29189
13088,22156
12845,4842
10011,50984
10567,19929
10010,31834
10606,16499
10003,56024
12866,36915
10022,31924
12308,15335
12589,17228
13478,3083
12866,36915
12009,7164
14072,20374
11702,14498
14203,
13041,10705
14150,41676
12189,17568
14094,50666
10023,60998
11763,28506
11568,4555
11803,28127
12211,11303
14221,53555
12203,29952
12110,21908
10305,41749
12571,9918
13421,14125
11514,4673
14513,13976
11729,28032
11947,416
10019,42870
13088,22156
11379,34821
10023,60998
12180,53606
13045,30112
14210,14694
14437,11415
14779,6932
12061,9050
11747,19803
12866,36915
11706,62543
13021,39506
12203,29952
11780,15524
12054,16918
14215,39999
10024,59283
11590,45768
12970,963
12208,20702
14204,8691
10038,20300
12305,5716
11211,90117
12866,36915
14450,41104
12804,26540
10583,38982
10022,31924
11514,4673
11729,28032
14120,45100
10013,27700
11743,42230
10023,60998
10075,26121
11777,8968
13408,4280
11249,
14203,
14456,20087
13760,44264
14456,20087
12401,35040
14623,27173
10595,8195
14482,8275
12020,31192
13316,6460
11738,17638
12205,26977
12942,646
12801,14707
11211,90117
12443,3825
11756,42791
12997,1239
12205,26977
12946,5492
14850,63886
10013,27700
10601,11376
10710,25120
11530,27273
10065,32270
14063,14870
10029,76003
11433,32687
12065,41776
12208,20702
12401,35040
14202,3911
12202,9628
12308,15335
11963,6622
12009,7164
10583,38982
13202,5438
10023,60998
12887,4972
14607,16223
14304,30389
10512,25590
12442,953
12430,1194
12211,11303
10471,22922
12144,20555
12504,
10019,42870
12502,1164
13202,5438
12208,20702
11747,19803
13210,27606
12946,5492
13820,22455
10901,23465
13495,2144
12211,11303
10523,7444
12992,4778
14202,3911
12208,20702
14609,42571
13204,19931
12309,29343
14226,29267
14059,8933
12901,33439
12885,4602
14203,
14210,14694
11703,16415
10010,31834
12974,1599
11238,49262
10014,31959
14422,2468
12501,2457
14580,50587
14127,29961
10310,24962
12953,15836
14701,40730
13480,3532
13057,14992
11219,92221
10019,42870
10011,50984
10075,26121
14450,41104
12776,2180
11520,43341
12065,41776
11976,1565
11217,35881
11369,38615
14221,53555
12211,11303
11222,36934
13850,22004
12065,41776
11790,18511
12498,4851
14621,33802
10021,43631
14604,
10016,54183
10530,12604
11215,63488
11371,
12047,19664
14414,7142
13601,38158
10941,13779
12054,16918
12845,4842
12302,27582
13850,22004
13214,8793
14210,14694
12054,16918
12180,53606
10924,13120
11369,38615
11961,12834
14226,29267
12180,53606
12846,3298
10940,48418
10924,13120
10075,26121
10023,60998
10026,34003
12457,763
13032,12790
12159,7896
10927,11910
10022,31924
12054,16918
14445,8019
12845,4842
13601,38158
12206,16395
13090,30124
13413,16135
10069,5199
11553,26034
10598,28647
12804,26540
12209,10121
12205,26977
13029,7109
12901,33439
13617,11299
12203,29952
12936,599
13904,9579
12401,35040
11948,1123
12189,17568
11216,54316
13053,5015
12525,3311
12020,31192
14623,27173
12065,41776
14850,63886
12406,823
12054,16918
14580,50587
12189,17568
11720,29189
12303,29857
10021,43631
11201,51128
12401,35040
13165,10741
12866,36915
12202,9628
12204,7349
13057,14992
12110,21908
11801,39553
10172,
10019,42870
10573,38352
10029,76003
12020,31192
12065,41776
12303,29857
12164,365
14428,8096
14611,17396
11803,28127
13850,22004
10314,85510
12723,1826
13210,27606
14617,22789
10314,85510
12065,41776
12449,3367
12210,10158
12474,1162
13088,22156
12804,26540
12144,20555
12901,33439
10003,56024
12866,36915
12065,41776
12110,21908
14109,
12205,26977
10029,76003
12010,28937
11530,27273
12302,27582
12401,35040
10023,60998
10507,6408
10019,42870
12054,16918
12561,18308
12211,11303
10701,63393
11101,25484
12309,29343
12205,26977
12401,35040
12946,5492
13420,1266
12553,24438
10514,11946
12601,43398
10001,21102
14216,22431
13027,31637
13491,3641
11248,
10011,50984
14420,20467
12449,3367
14445,8019
14127,29961
11215,63488
12866,36915
11374,43600
13901,19773
14519,11581
14607,16223
10024,59283
14513,13976
14103,11183
14559,18057
13662,16582
11937,15398
11935,3304
12946,5492
11954,3326
12302,27582
11233,67053
11430,
10016,54183
10591,22540
12528,13344
11220,99598
12189,17568
12208,20702
13601,38158
14616,28534
10025,94600
12159,7896
10606,16499
12501,2457
10965,14791
11717,60745
10021,43631
14850,63886
12845,4842
10025,94600
10591,22540
12186,6277
13210,27606
12302,27582
14203,
12205,26977
11715,4752
12970,963
12983,7494
11790,18511
13165,10741
10024,59283
12065,41776
13037,8897
10536,10739
13850,22004
12033,7851
14623,27173
11961,12834
12572,9123
12189,17568
12198,7903
14450,41104
12866,36915
12180,53606
10044,11661
12305,5716
10075,26121
12603,42810
12846,3298
11249,
13901,19773
13326,5561
13090,30124
12845,4842
11556,
14226,29267
12306,25636
10128,60453
12845,4842
12047,19664
11548,2780
12090,6262
12159,7896
12932,1236
14225,33385
12110,21908
13078,9866
12601,43398
11217,35881
10011,50984
14141,7728
13057,14992
10003,56024
14620,25141
10940,48418
12953,15836
12401,35040
12953,15836
13350,10093
14209,7926
14226,29267
11354,54878
12866,36915
11101,25484
11433,32687
14203,
10128,60453
10024,59283
14210,14694
14214,19775
14618,22920
10918,11647
11378,34981
12009,7164
14214,19775
12401,35040
12009,7164
10069,5199
13676,16646
10019,42870
12065,41776
10021,43631
11203,76174
12020,31192
14604,
11733,18949
14127,29961
12047,19664
14701,40730
13165,10741
11901,27172
12571,9918
10003,56024
12072,2890
14611,17396
10605,18126
12817,2274
10025,94600
14701,40730
14618,22920
12986,6120
14617,22789
12202,9628
10023,60998
12953,15836
11217,35881
12572,9123
11901,27172
12205,26977
12561,18308
12304,21482
12866,36915
13501,38546
10029,76003
12979,2304
12534,17867
10016,54183
14623,27173
13850,22004
12205,26977
12309,29343
14526,19804
10956,31521
11901,27172
14227,23426
12550,54447
11790,18511
11201,51128
13323,11323
10460,57311
10305,41749
12550,54447
11901,27172
14127,29961
10065,32270
10002,81410
14618,22920
12870,1509
13478,3083
11963,6622
14626,30041
14901,16736
10016,54183
12992,4778
12401,35040
13820,22455
12110,21908
12401,35040
12134,3516
14425,10717
12203,29952
12047,19664
11355,85871
11221,78895
10023,60998
10801,40827
14895,9616
12065,41776
12189,17568
14204,8691
14830,19850
14214,19775
12203,29952
10069,5199
12561,18308
12054,16918
10463,67970
12010,28937
12205,26977
11767,14530
12075,3418
11096,8344
11109,3523
13350,10093
12205,26977
12065,41776
11374,43600
10604,11250
13790,19104
13340,8205
12302,27582
10706,8679
14303,5981
14210,14694
11249,
12095,12606
10465,42230
12106,2193
12571,9918
12561,18308
10013,27700
12164,365
14526,19804
11964,1858
12202,9628
14210,14694
14623,27173
12484,2733
11692,18540
10605,18126
12010,28937
12524,15598
14075,41937
10603,17045
10065,32270
12065,41776
11968,11593
12866,36915
10314,85510
12065,41776
12528,13344
12866,36915
14903,7567
12777,764
14433,4629
12546,3039
12856,187
10022,31924
14750,4426
11215,63488
12401,35040
12211,11303
11978,3255
11201,51128
12946,5492
12302,27582
13035,8617
14222,14046
10021,43631
11729,28032
13662,16582
14701,40730
10013,27700
10025,94600
12801,14707
12534,17867
13090,30124
12919,3037
12845,4842
12009,7164
13495,2144
11706,62543
13601,38158
11417,28967
12208,20702
14222,14046
10314,85510
12834,6594
13440,42986
14454,11073