,Measurement_date,Mean Temperature (Â°F),Year
0,2015-01-01,28.94,2015
1,2015-01-02,36.68,2015
2,2015-01-03,33.62,2015
3,2015-01-04,43.88,2015
4,2015-01-05,41.72,2015
5,2015-01-06,20.48,2015
6,2015-01-07,19.22,2015
7,2015-01-08,12.020000000000003,2015
8,2015-01-09,22.82,2015
9,2015-01-10,20.12,2015
10,2015-01-11,22.82,2015
11,2015-01-12,34.7,2015
12,2015-01-13,30.92,2015
13,2015-01-14,20.12,2015
14,2015-01-15,29.66,2015
15,2015-01-16,31.46,2015
16,2015-01-17,21.92,2015
17,2015-01-18,30.02,2015
18,2015-01-19,38.12,2015
19,2015-01-20,37.58,2015
20,2015-01-21,30.2,2015
21,2015-01-22,33.62,2015
22,2015-01-23,32.18,2015
23,2015-01-24,34.52,2015
24,2015-01-25,36.68,2015
25,2015-01-26,25.880000000000003,2015
26,2015-01-27,24.62,2015
27,2015-01-28,22.82,2015
28,2015-01-29,24.26,2015
29,2015-01-30,32.72,2015
30,2015-01-31,19.22,2015
31,2015-02-01,25.34,2015
32,2015-02-02,30.38,2015
33,2015-02-03,18.14,2015
34,2015-02-04,26.42,2015
35,2015-02-05,32.9,2015
36,2015-02-06,16.34,2015
37,2015-02-07,27.14,2015
38,2015-02-08,34.34,2015
39,2015-02-09,28.58,2015
40,2015-02-10,29.12,2015
41,2015-02-11,27.5,2015
42,2015-02-12,30.92,2015
43,2015-02-13,16.34,2015
44,2015-02-14,21.38,2015
45,2015-02-15,19.22,2015
46,2015-02-16,8.96,2015
47,2015-02-17,18.86,2015
48,2015-02-18,22.28,2015
49,2015-02-19,20.48,2015
50,2015-02-20,9.32,2015
51,2015-02-21,16.88,2015
52,2015-02-22,33.62,2015
53,2015-02-23,28.94,2015
54,2015-02-24,11.84,2015
55,2015-02-25,25.16,2015
56,2015-02-26,25.7,2015
57,2015-02-27,23.36,2015
58,2015-02-28,21.74,2015
59,2015-03-01,23.9,2015
60,2015-03-02,31.46,2015
61,2015-03-03,27.32,2015
62,2015-03-04,36.5,2015
63,2015-03-05,32.0,2015
64,2015-03-06,19.76,2015
65,2015-03-07,23.18,2015
66,2015-03-08,38.66,2015
67,2015-03-09,43.16,2015
68,2015-03-10,43.88,2015
69,2015-03-11,50.0,2015
70,2015-03-12,46.4,2015
71,2015-03-13,37.04,2015
72,2015-03-14,42.98,2015
73,2015-03-15,43.7,2015
74,2015-03-16,41.36,2015
75,2015-03-17,49.82,2015
76,2015-03-18,34.52,2015
77,2015-03-19,34.16,2015
78,2015-03-20,35.06,2015
79,2015-03-21,34.88,2015
80,2015-03-22,40.82,2015
81,2015-03-23,31.64,2015
82,2015-03-24,34.34,2015
83,2015-03-25,37.76,2015
84,2015-03-26,45.14,2015
85,2015-03-27,46.4,2015
86,2015-03-28,39.38,2015
87,2015-03-29,34.16,2015
88,2015-03-30,42.620000000000005,2015
89,2015-03-31,42.98,2015
90,2015-04-01,40.46,2015
91,2015-04-02,50.36,2015
92,2015-04-03,60.98,2015
93,2015-04-04,55.94,2015
94,2015-04-05,49.64,2015
95,2015-04-06,52.34,2015
96,2015-04-07,56.66,2015
97,2015-04-08,44.78,2015
98,2015-04-09,40.46,2015
99,2015-04-10,45.32,2015
100,2015-04-11,55.58,2015
101,2015-04-12,52.34,2015
102,2015-04-13,56.84,2015
103,2015-04-14,61.88,2015
104,2015-04-15,61.88,2015
105,2015-04-16,56.48,2015
106,2015-04-17,59.36,2015
107,2015-04-18,68.36,2015
108,2015-04-19,58.28,2015
109,2015-04-20,52.52,2015
110,2015-04-21,59.0,2015
111,2015-04-22,57.74,2015
112,2015-04-23,46.94,2015
113,2015-04-24,44.42,2015
114,2015-04-25,47.120000000000005,2015
115,2015-04-26,53.6,2015
116,2015-04-27,54.68,2015
117,2015-04-28,58.82,2015
118,2015-04-29,66.02,2015
119,2015-04-30,55.58,2015
120,2015-05-01,53.06,2015
121,2015-05-02,54.14,2015
122,2015-05-03,60.26,2015
123,2015-05-04,70.52,2015
124,2015-05-05,74.66,2015
125,2015-05-06,69.08,2015
126,2015-05-07,64.75999999999999,2015
127,2015-05-08,66.56,2015
128,2015-05-09,63.14,2015
129,2015-05-10,68.9,2015
130,2015-05-11,75.92,2015
131,2015-05-12,74.66,2015
132,2015-05-13,65.84,2015
133,2015-05-14,60.440000000000005,2015
134,2015-05-15,62.42,2015
135,2015-05-16,66.92,2015
136,2015-05-17,73.94,2015
137,2015-05-18,68.9,2015
138,2015-05-19,64.75999999999999,2015
139,2015-05-20,64.22,2015
140,2015-05-21,56.48,2015
141,2015-05-22,62.42,2015
142,2015-05-23,60.26,2015
143,2015-05-24,66.02,2015
144,2015-05-25,74.3,2015
145,2015-05-26,78.08,2015
146,2015-05-27,77.36,2015
147,2015-05-28,76.64,2015
148,2015-05-29,74.48,2015
149,2015-05-30,74.48,2015
150,2015-05-31,75.38,2015
151,2015-06-01,59.36,2015
152,2015-06-02,53.6,2015
153,2015-06-03,57.92,2015
154,2015-06-04,59.36,2015
155,2015-06-05,60.62,2015
156,2015-06-06,67.46,2015
157,2015-06-07,64.94,2015
158,2015-06-08,69.98,2015
159,2015-06-09,75.02,2015
160,2015-06-10,75.38,2015
161,2015-06-11,80.6,2015
162,2015-06-12,82.94,2015
163,2015-06-13,82.04,2015
164,2015-06-14,77.9,2015
165,2015-06-15,73.4,2015
166,2015-06-16,69.62,2015
167,2015-06-17,74.12,2015
168,2015-06-18,66.92,2015
169,2015-06-19,74.48,2015
170,2015-06-20,71.96,2015
171,2015-06-21,77.36,2015
172,2015-06-22,80.78,2015
173,2015-06-23,82.58,2015
174,2015-06-24,77.72,2015
175,2015-06-25,76.1,2015
176,2015-06-26,74.3,2015
177,2015-06-27,69.62,2015
178,2015-06-28,65.84,2015
179,2015-06-29,71.6,2015
180,2015-06-30,74.12,2015
181,2015-07-01,76.1,2015
182,2015-07-02,75.38,2015
183,2015-07-03,73.58,2015
184,2015-07-04,73.04,2015
185,2015-07-05,75.74000000000001,2015
186,2015-07-06,76.64,2015
187,2015-07-07,80.06,2015
188,2015-07-08,81.32,2015
189,2015-07-09,75.56,2015
190,2015-07-10,76.82,2015
191,2015-07-11,78.62,2015
192,2015-07-12,80.42,2015
193,2015-07-13,78.98,2015
194,2015-07-14,76.28,2015
195,2015-07-15,78.08,2015
196,2015-07-16,73.04,2015
197,2015-07-17,72.68,2015
198,2015-07-18,76.82,2015
199,2015-07-19,85.82,2015
200,2015-07-20,89.06,2015
201,2015-07-21,85.64,2015
202,2015-07-22,78.08,2015
203,2015-07-23,77.36,2015
204,2015-07-24,78.08,2015
205,2015-07-25,78.25999999999999,2015
206,2015-07-26,80.42,2015
207,2015-07-27,79.7,2015
208,2015-07-28,82.04,2015
209,2015-07-29,85.82,2015
210,2015-07-30,82.22,2015
211,2015-07-31,81.86,2015
212,2015-08-01,82.22,2015
213,2015-08-02,80.6,2015
214,2015-08-03,82.4,2015
215,2015-08-04,82.04,2015
216,2015-08-05,80.42,2015
217,2015-08-06,76.82,2015
218,2015-08-07,76.28,2015
219,2015-08-08,75.02,2015
220,2015-08-09,75.92,2015
221,2015-08-10,74.48,2015
222,2015-08-11,75.02,2015
223,2015-08-12,77.54,2015
224,2015-08-13,76.28,2015
225,2015-08-14,77.36,2015
226,2015-08-15,80.78,2015
227,2015-08-16,83.66,2015
228,2015-08-17,85.46000000000001,2015
229,2015-08-18,83.84,2015
230,2015-08-19,79.7,2015
231,2015-08-20,79.88,2015
232,2015-08-21,79.88,2015
233,2015-08-22,77.54,2015
234,2015-08-23,75.38,2015
235,2015-08-24,77.54,2015
236,2015-08-25,81.32,2015
237,2015-08-26,75.92,2015
238,2015-08-27,73.94,2015
239,2015-08-28,72.86,2015
240,2015-08-29,75.02,2015
241,2015-08-30,78.25999999999999,2015
242,2015-08-31,83.3,2015
243,2015-09-01,82.22,2015
244,2015-09-02,80.06,2015
245,2015-09-03,82.94,2015
246,2015-09-04,80.6,2015
247,2015-09-05,73.94,2015
248,2015-09-06,72.86,2015
249,2015-09-07,78.25999999999999,2015
250,2015-09-08,83.84,2015
251,2015-09-09,81.32,2015
252,2015-09-10,75.56,2015
253,2015-09-11,72.32,2015
254,2015-09-12,73.58,2015
255,2015-09-13,72.32,2015
256,2015-09-14,66.2,2015
257,2015-09-15,71.24000000000001,2015
258,2015-09-16,75.38,2015
259,2015-09-17,75.92,2015
260,2015-09-18,74.48,2015
261,2015-09-19,72.86,2015
262,2015-09-20,73.58,2015
263,2015-09-21,64.94,2015
264,2015-09-22,66.92,2015
265,2015-09-23,67.46,2015
266,2015-09-24,68.54,2015
267,2015-09-25,69.44,2015
268,2015-09-26,66.74000000000001,2015
269,2015-09-27,63.32,2015
270,2015-09-28,70.34,2015
271,2015-09-29,74.48,2015
272,2015-09-30,74.48,2015
273,2015-10-01,59.72,2015
274,2015-10-02,52.34,2015
275,2015-10-03,49.64,2015
276,2015-10-04,55.94,2015
277,2015-10-05,57.02,2015
278,2015-10-06,60.8,2015
279,2015-10-07,64.58,2015
280,2015-10-08,63.5,2015
281,2015-10-09,66.56,2015
282,2015-10-10,59.9,2015
283,2015-10-11,57.56,2015
284,2015-10-12,62.24,2015
285,2015-10-13,65.12,2015
286,2015-10-14,63.32,2015
287,2015-10-15,58.1,2015
288,2015-10-16,57.38,2015
289,2015-10-17,51.44,2015
290,2015-10-18,43.34,2015
291,2015-10-19,42.44,2015
292,2015-10-20,54.68,2015
293,2015-10-21,62.42,2015
294,2015-10-22,62.96,2015
295,2015-10-23,60.26,2015
296,2015-10-24,47.84,2015
297,2015-10-25,59.540000000000006,2015
298,2015-10-26,52.34,2015
299,2015-10-27,49.46,2015
300,2015-10-28,58.28,2015
301,2015-10-29,67.46,2015
302,2015-10-30,56.120000000000005,2015
303,2015-10-31,48.56,2015
304,2015-11-01,56.120000000000005,2015
305,2015-11-02,58.64,2015
306,2015-11-03,58.64,2015
307,2015-11-04,60.98,2015
308,2015-11-05,61.16,2015
309,2015-11-06,68.54,2015
310,2015-11-07,66.2,2015
311,2015-11-08,53.6,2015
312,2015-11-09,49.46,2015
313,2015-11-10,55.76,2015
314,2015-11-11,54.32,2015
315,2015-11-12,55.94,2015
316,2015-11-13,56.48,2015
317,2015-11-14,47.84,2015
318,2015-11-15,46.22,2015
319,2015-11-16,55.76,2015
320,2015-11-17,48.92,2015
321,2015-11-18,51.08,2015
322,2015-11-19,59.72,2015
323,2015-11-20,58.46,2015
324,2015-11-21,46.04,2015
325,2015-11-22,50.36,2015
326,2015-11-23,40.82,2015
327,2015-11-24,37.22,2015
328,2015-11-25,42.44,2015
329,2015-11-26,45.68,2015
330,2015-11-27,52.7,2015
331,2015-11-28,55.58,2015
332,2015-11-29,43.52,2015
333,2015-11-30,39.02,2015
334,2015-12-01,46.76,2015
335,2015-12-02,48.56,2015
336,2015-12-03,50.72,2015
337,2015-12-04,46.58,2015
338,2015-12-05,44.42,2015
339,2015-12-06,42.8,2015
340,2015-12-07,45.14,2015
341,2015-12-08,44.42,2015
342,2015-12-09,43.52,2015
343,2015-12-10,53.96,2015
344,2015-12-11,52.7,2015
345,2015-12-12,56.120000000000005,2015
346,2015-12-13,59.36,2015
347,2015-12-14,55.94,2015
348,2015-12-15,61.16,2015
349,2015-12-16,50.54,2015
350,2015-12-17,53.42,2015
351,2015-12-18,50.9,2015
352,2015-12-19,37.94,2015
353,2015-12-20,38.66,2015
354,2015-12-21,41.54,2015
355,2015-12-22,55.76,2015
356,2015-12-23,54.68,2015
357,2015-12-24,67.46,2015
358,2015-12-25,60.440000000000005,2015
359,2015-12-26,54.5,2015
360,2015-12-27,52.34,2015
361,2015-12-28,44.06,2015
362,2015-12-29,39.56,2015
363,2015-12-30,42.98,2015
364,2015-12-31,47.120000000000005,2015
365,2016-01-01,41.0,2016
366,2016-01-02,35.78,2016
367,2016-01-03,36.68,2016
368,2016-01-04,31.64,2016
369,2016-01-05,18.68,2016
370,2016-01-06,28.22,2016
371,2016-01-07,34.88,2016
372,2016-01-08,38.48,2016
373,2016-01-09,43.7,2016
374,2016-01-10,52.88,2016
375,2016-01-11,36.32,2016
376,2016-01-12,30.92,2016
377,2016-01-13,27.14,2016
378,2016-01-14,28.04,2016
379,2016-01-15,38.48,2016
380,2016-01-16,46.76,2016
381,2016-01-17,37.76,2016
382,2016-01-18,26.78,2016
383,2016-01-19,21.38,2016
384,2016-01-20,31.1,2016
385,2016-01-21,32.0,2016
386,2016-01-22,26.24,2016
387,2016-01-23,25.880000000000003,2016
388,2016-01-24,26.06,2016
389,2016-01-25,29.3,2016
390,2016-01-26,34.52,2016
391,2016-01-27,41.72,2016
392,2016-01-28,34.34,2016
393,2016-01-29,36.5,2016
394,2016-01-30,32.18,2016
395,2016-01-31,38.84,2016
396,2016-02-01,45.5,2016
397,2016-02-02,43.34,2016
398,2016-02-03,47.66,2016
399,2016-02-04,54.32,2016
400,2016-02-05,38.48,2016
401,2016-02-06,33.44,2016
402,2016-02-07,36.68,2016
403,2016-02-08,37.4,2016
404,2016-02-09,30.92,2016
405,2016-02-10,34.7,2016
406,2016-02-11,26.96,2016
407,2016-02-12,20.84,2016
408,2016-02-13,20.66,2016
409,2016-02-14,8.240000000000002,2016
410,2016-02-15,17.779999999999998,2016
411,2016-02-16,42.620000000000005,2016
412,2016-02-17,39.2,2016
413,2016-02-18,33.26,2016
414,2016-02-19,28.94,2016
415,2016-02-20,46.94,2016
416,2016-02-21,50.9,2016
417,2016-02-22,45.5,2016
418,2016-02-23,38.66,2016
419,2016-02-24,41.54,2016
420,2016-02-25,54.32,2016
421,2016-02-26,36.5,2016
422,2016-02-27,32.54,2016
423,2016-02-28,44.78,2016
424,2016-02-29,51.26,2016
425,2016-03-01,45.14,2016
426,2016-03-02,47.120000000000005,2016
427,2016-03-03,31.64,2016
428,2016-03-04,33.26,2016
429,2016-03-05,34.88,2016
430,2016-03-06,36.5,2016
431,2016-03-07,43.34,2016
432,2016-03-08,53.96,2016
433,2016-03-09,57.56,2016
434,2016-03-10,69.98,2016
435,2016-03-11,63.86,2016
436,2016-03-12,50.0,2016
437,2016-03-13,56.120000000000005,2016
438,2016-03-14,48.02,2016
439,2016-03-15,48.38,2016
440,2016-03-16,54.32,2016
441,2016-03-17,53.06,2016
442,2016-03-18,51.8,2016
443,2016-03-19,43.34,2016
444,2016-03-20,38.66,2016
445,2016-03-21,40.1,2016
446,2016-03-22,44.06,2016
447,2016-03-23,57.2,2016
448,2016-03-24,51.8,2016
449,2016-03-25,57.02,2016
450,2016-03-26,47.48,2016
451,2016-03-27,45.68,2016
452,2016-03-28,48.38,2016
453,2016-03-29,50.54,2016
454,2016-03-30,44.96,2016
455,2016-03-31,58.1,2016
456,2016-04-01,69.62,2016
457,2016-04-02,57.56,2016
458,2016-04-03,42.98,2016
459,2016-04-04,40.82,2016
460,2016-04-05,33.8,2016
461,2016-04-06,38.3,2016
462,2016-04-07,52.88,2016
463,2016-04-08,48.2,2016
464,2016-04-09,39.74,2016
465,2016-04-10,40.1,2016
466,2016-04-11,51.44,2016
467,2016-04-12,56.3,2016
468,2016-04-13,48.38,2016
469,2016-04-14,50.0,2016
470,2016-04-15,51.26,2016
471,2016-04-16,53.78,2016
472,2016-04-17,55.58,2016
473,2016-04-18,64.04,2016
474,2016-04-19,66.56,2016
475,2016-04-20,60.08,2016
476,2016-04-21,59.72,2016
477,2016-04-22,71.06,2016
478,2016-04-23,67.28,2016
479,2016-04-24,57.56,2016
480,2016-04-25,58.46,2016
481,2016-04-26,58.46,2016
482,2016-04-27,51.26,2016
483,2016-04-28,52.34,2016
484,2016-04-29,51.44,2016
485,2016-04-30,52.34,2016
486,2016-05-01,48.92,2016
487,2016-05-02,50.36,2016
488,2016-05-03,54.5,2016
489,2016-05-04,51.620000000000005,2016
490,2016-05-05,51.26,2016
491,2016-05-06,51.620000000000005,2016
492,2016-05-07,52.34,2016
493,2016-05-08,55.76,2016
494,2016-05-09,60.98,2016
495,2016-05-10,57.38,2016
496,2016-05-11,61.16,2016
497,2016-05-12,66.92,2016
498,2016-05-13,62.24,2016
499,2016-05-14,65.66,2016
500,2016-05-15,54.5,2016
501,2016-05-16,51.8,2016
502,2016-05-17,58.82,2016
503,2016-05-18,57.2,2016
504,2016-05-19,60.62,2016
505,2016-05-20,64.04,2016
506,2016-05-21,61.52,2016
507,2016-05-22,59.72,2016
508,2016-05-23,64.58,2016
509,2016-05-24,65.3,2016
510,2016-05-25,73.58,2016
511,2016-05-26,79.7,2016
512,2016-05-27,78.8,2016
513,2016-05-28,82.22,2016
514,2016-05-29,79.52,2016
515,2016-05-30,75.02,2016
516,2016-05-31,76.64,2016
517,2016-06-01,75.74000000000001,2016
518,2016-06-02,67.82,2016
519,2016-06-03,65.48,2016
520,2016-06-04,72.14,2016
521,2016-06-05,69.25999999999999,2016
522,2016-06-06,73.94,2016
523,2016-06-07,77.0,2016
524,2016-06-08,63.14,2016
525,2016-06-09,63.14,2016
526,2016-06-10,67.46,2016
527,2016-06-11,72.5,2016
528,2016-06-12,82.22,2016
529,2016-06-13,66.56,2016
530,2016-06-14,69.08,2016
531,2016-06-15,74.84,2016
532,2016-06-16,73.22,2016
533,2016-06-17,71.42,2016
534,2016-06-18,71.78,2016
535,2016-06-19,74.84,2016
536,2016-06-20,73.58,2016
537,2016-06-21,81.68,2016
538,2016-06-22,79.34,2016
539,2016-06-23,76.28,2016
540,2016-06-24,74.84,2016
541,2016-06-25,72.86,2016
542,2016-06-26,75.02,2016
543,2016-06-27,75.2,2016
544,2016-06-28,72.68,2016
545,2016-06-29,75.02,2016
546,2016-06-30,77.18,2016
547,2016-07-01,75.38,2016
548,2016-07-02,73.04,2016
549,2016-07-03,73.75999999999999,2016
550,2016-07-04,74.48,2016
551,2016-07-05,76.82,2016
552,2016-07-06,84.38000000000001,2016
553,2016-07-07,84.56,2016
554,2016-07-08,80.78,2016
555,2016-07-09,69.08,2016
556,2016-07-10,73.58,2016
557,2016-07-11,73.94,2016
558,2016-07-12,75.38,2016
559,2016-07-13,77.9,2016
560,2016-07-14,80.78,2016
561,2016-07-15,86.0,2016
562,2016-07-16,82.22,2016
563,2016-07-17,81.14,2016
564,2016-07-18,83.48,2016
565,2016-07-19,79.16,2016
566,2016-07-20,76.46,2016
567,2016-07-21,79.88,2016
568,2016-07-22,83.84,2016
569,2016-07-23,88.52,2016
570,2016-07-24,86.53999999999999,2016
571,2016-07-25,83.84,2016
572,2016-07-26,81.14,2016
573,2016-07-27,83.66,2016
574,2016-07-28,83.48,2016
575,2016-07-29,77.36,2016
576,2016-07-30,78.25999999999999,2016
577,2016-07-31,75.74000000000001,2016
578,2016-08-01,73.94,2016
579,2016-08-02,74.3,2016
580,2016-08-03,72.86,2016
581,2016-08-04,73.75999999999999,2016
582,2016-08-05,75.2,2016
583,2016-08-06,79.16,2016
584,2016-08-07,80.78,2016
585,2016-08-08,80.06,2016
586,2016-08-09,78.62,2016
587,2016-08-10,80.78,2016
588,2016-08-11,85.82,2016
589,2016-08-12,83.84,2016
590,2016-08-13,86.72,2016
591,2016-08-14,89.24,2016
592,2016-08-15,84.56,2016
593,2016-08-16,84.91999999999999,2016
594,2016-08-17,82.22,2016
595,2016-08-18,79.7,2016
596,2016-08-19,81.14,2016
597,2016-08-20,79.7,2016
598,2016-08-21,80.24000000000001,2016
599,2016-08-22,75.56,2016
600,2016-08-23,72.68,2016
601,2016-08-24,76.28,2016
602,2016-08-25,77.54,2016
603,2016-08-26,83.48,2016
604,2016-08-27,80.24000000000001,2016
605,2016-08-28,78.62,2016
606,2016-08-29,81.14,2016
607,2016-08-30,77.36,2016
608,2016-08-31,79.34,2016
609,2016-09-01,75.02,2016
610,2016-09-02,73.22,2016
611,2016-09-03,71.24000000000001,2016
612,2016-09-04,71.42,2016
613,2016-09-05,73.22,2016
614,2016-09-06,77.54,2016
615,2016-09-07,76.28,2016
616,2016-09-08,80.24000000000001,2016
617,2016-09-09,86.53999999999999,2016
618,2016-09-10,82.94,2016
619,2016-09-11,80.96,2016
620,2016-09-12,69.44,2016
621,2016-09-13,70.7,2016
622,2016-09-14,76.82,2016
623,2016-09-15,69.25999999999999,2016
624,2016-09-16,66.92,2016
625,2016-09-17,67.82,2016
626,2016-09-18,75.38,2016
627,2016-09-19,74.48,2016
628,2016-09-20,74.84,2016
629,2016-09-21,75.74000000000001,2016
630,2016-09-22,73.4,2016
631,2016-09-23,74.66,2016
632,2016-09-24,67.64,2016
633,2016-09-25,62.42,2016
634,2016-09-26,62.78,2016
635,2016-09-27,69.08,2016
636,2016-09-28,64.75999999999999,2016
637,2016-09-29,61.34,2016
638,2016-09-30,58.82,2016
639,2016-10-01,58.82,2016
640,2016-10-02,60.08,2016
641,2016-10-03,64.94,2016
642,2016-10-04,65.48,2016
643,2016-10-05,61.34,2016
644,2016-10-06,61.88,2016
645,2016-10-07,62.96,2016
646,2016-10-08,62.6,2016
647,2016-10-09,60.08,2016
648,2016-10-10,55.58,2016
649,2016-10-11,53.42,2016
650,2016-10-12,57.92,2016
651,2016-10-13,59.540000000000006,2016
652,2016-10-14,55.76,2016
653,2016-10-15,53.24,2016
654,2016-10-16,58.1,2016
655,2016-10-17,69.98,2016
656,2016-10-18,72.32,2016
657,2016-10-19,75.74000000000001,2016
658,2016-10-20,66.74000000000001,2016
659,2016-10-21,68.0,2016
660,2016-10-22,54.14,2016
661,2016-10-23,52.88,2016
662,2016-10-24,56.66,2016
663,2016-10-25,49.46,2016
664,2016-10-26,44.78,2016
665,2016-10-27,45.14,2016
666,2016-10-28,48.38,2016
667,2016-10-29,48.74,2016
668,2016-10-30,65.48,2016
669,2016-10-31,52.16,2016
670,2016-11-01,47.84,2016
671,2016-11-02,59.36,2016
672,2016-11-03,63.5,2016
673,2016-11-04,57.74,2016
674,2016-11-05,51.8,2016
675,2016-11-06,54.5,2016
676,2016-11-07,46.58,2016
677,2016-11-08,51.08,2016
678,2016-11-09,54.86,2016
679,2016-11-10,49.46,2016
680,2016-11-11,53.24,2016
681,2016-11-12,44.06,2016
682,2016-11-13,46.22,2016
683,2016-11-14,49.46,2016
684,2016-11-15,51.620000000000005,2016
685,2016-11-16,51.08,2016
686,2016-11-17,54.86,2016
687,2016-11-18,53.78,2016
688,2016-11-19,53.06,2016
689,2016-11-20,41.72,2016
690,2016-11-21,38.84,2016
691,2016-11-22,39.2,2016
692,2016-11-23,39.56,2016
693,2016-11-24,42.8,2016
694,2016-11-25,48.38,2016
695,2016-11-26,48.38,2016
696,2016-11-27,43.34,2016
697,2016-11-28,43.52,2016
698,2016-11-29,53.24,2016
699,2016-11-30,55.76,2016
700,2016-12-01,52.34,2016
701,2016-12-02,44.6,2016
702,2016-12-03,44.78,2016
703,2016-12-04,43.16,2016
704,2016-12-05,43.34,2016
705,2016-12-06,41.72,2016
706,2016-12-07,41.54,2016
707,2016-12-08,40.46,2016
708,2016-12-09,35.06,2016
709,2016-12-10,31.1,2016
710,2016-12-11,29.66,2016
711,2016-12-12,37.76,2016
712,2016-12-13,38.48,2016
713,2016-12-14,39.02,2016
714,2016-12-15,28.04,2016
715,2016-12-16,20.48,2016
716,2016-12-17,28.76,2016
717,2016-12-18,42.08,2016
718,2016-12-19,29.3,2016
719,2016-12-20,25.16,2016
720,2016-12-21,32.18,2016
721,2016-12-22,39.74,2016
722,2016-12-23,41.54,2016
723,2016-12-24,40.64,2016
724,2016-12-25,43.34,2016
725,2016-12-26,35.42,2016
726,2016-12-27,53.06,2016
727,2016-12-28,41.0,2016
728,2016-12-29,37.58,2016
729,2016-12-30,36.86,2016
730,2016-12-31,35.42,2016
731,2017-01-01,44.42,2017
732,2017-01-02,37.76,2017
733,2017-01-03,40.82,2017
734,2017-01-04,44.96,2017
735,2017-01-05,31.82,2017
736,2017-01-06,30.38,2017
737,2017-01-07,23.54,2017
738,2017-01-08,20.48,2017
739,2017-01-09,17.96,2017
740,2017-01-10,24.08,2017
741,2017-01-11,44.42,2017
742,2017-01-12,54.68,2017
743,2017-01-13,53.06,2017
744,2017-01-14,31.64,2017
745,2017-01-15,33.44,2017
746,2017-01-16,33.98,2017
747,2017-01-17,39.74,2017
748,2017-01-18,40.28,2017
749,2017-01-19,42.620000000000005,2017
750,2017-01-20,42.08,2017
751,2017-01-21,43.88,2017
752,2017-01-22,45.86,2017
753,2017-01-23,43.34,2017
754,2017-01-24,37.76,2017
755,2017-01-25,42.620000000000005,2017
756,2017-01-26,47.48,2017
757,2017-01-27,42.08,2017
758,2017-01-28,36.68,2017
759,2017-01-29,37.22,2017
760,2017-01-30,34.7,2017
761,2017-01-31,29.84,2017
762,2017-02-01,37.94,2017
763,2017-02-02,39.38,2017
764,2017-02-03,31.28,2017
765,2017-02-04,28.4,2017
766,2017-02-05,33.98,2017
767,2017-02-06,42.08,2017
768,2017-02-07,38.12,2017
769,2017-02-08,46.4,2017
770,2017-02-09,34.88,2017
771,2017-02-10,24.08,2017
772,2017-02-11,35.96,2017
773,2017-02-12,35.96,2017
774,2017-02-13,35.78,2017
775,2017-02-14,32.72,2017
776,2017-02-15,38.3,2017
777,2017-02-16,34.7,2017
778,2017-02-17,33.08,2017
779,2017-02-18,43.88,2017
780,2017-02-19,56.84,2017
781,2017-02-20,51.98,2017
782,2017-02-21,39.38,2017
783,2017-02-22,46.04,2017
784,2017-02-23,51.44,2017
785,2017-02-24,61.34,2017
786,2017-02-25,58.82,2017
787,2017-02-26,43.34,2017
788,2017-02-27,40.82,2017
789,2017-02-28,50.36,2017
790,2017-03-01,58.28,2017
791,2017-03-02,54.32,2017
792,2017-03-03,35.78,2017
793,2017-03-04,26.78,2017
794,2017-03-05,23.54,2017
795,2017-03-06,32.0,2017
796,2017-03-07,45.32,2017
797,2017-03-08,55.04,2017
798,2017-03-09,56.84,2017
799,2017-03-10,41.18,2017
800,2017-03-11,25.34,2017
801,2017-03-12,25.7,2017
802,2017-03-13,27.32,2017
803,2017-03-14,30.2,2017
804,2017-03-15,24.08,2017
805,2017-03-16,30.02,2017
806,2017-03-17,36.14,2017
807,2017-03-18,35.6,2017
808,2017-03-19,38.66,2017
809,2017-03-20,42.8,2017
810,2017-03-21,49.64,2017
811,2017-03-22,42.08,2017
812,2017-03-23,31.46,2017
813,2017-03-24,42.260000000000005,2017
814,2017-03-25,53.24,2017
815,2017-03-26,42.44,2017
816,2017-03-27,44.24,2017
817,2017-03-28,46.58,2017
818,2017-03-29,48.74,2017
819,2017-03-30,44.42,2017
820,2017-03-31,41.36,2017
821,2017-04-01,41.36,2017
822,2017-04-02,50.54,2017
823,2017-04-03,53.96,2017
824,2017-04-04,50.9,2017
825,2017-04-05,51.44,2017
826,2017-04-06,45.14,2017
827,2017-04-07,47.120000000000005,2017
828,2017-04-08,46.76,2017
829,2017-04-09,53.78,2017
830,2017-04-10,62.24,2017
831,2017-04-11,70.16,2017
832,2017-04-12,69.44,2017
833,2017-04-13,58.82,2017
834,2017-04-14,55.22,2017
835,2017-04-15,55.58,2017
836,2017-04-16,69.62,2017
837,2017-04-17,70.52,2017
838,2017-04-18,57.92,2017
839,2017-04-19,48.92,2017
840,2017-04-20,55.22,2017
841,2017-04-21,52.88,2017
842,2017-04-22,52.88,2017
843,2017-04-23,54.14,2017
844,2017-04-24,53.24,2017
845,2017-04-25,53.96,2017
846,2017-04-26,55.76,2017
847,2017-04-27,61.52,2017
848,2017-04-28,66.92,2017
849,2017-04-29,75.56,2017
850,2017-04-30,63.86,2017
851,2017-05-01,57.02,2017
852,2017-05-02,72.14,2017
853,2017-05-03,63.32,2017
854,2017-05-04,54.5,2017
855,2017-05-05,55.04,2017
856,2017-05-06,60.26,2017
857,2017-05-07,53.78,2017
858,2017-05-08,51.26,2017
859,2017-05-09,54.32,2017
860,2017-05-10,55.22,2017
861,2017-05-11,54.32,2017
862,2017-05-12,54.14,2017
863,2017-05-13,50.72,2017
864,2017-05-14,53.24,2017
865,2017-05-15,60.62,2017
866,2017-05-16,66.74000000000001,2017
867,2017-05-17,75.56,2017
868,2017-05-18,83.84,2017
869,2017-05-19,84.74,2017
870,2017-05-20,65.48,2017
871,2017-05-21,58.64,2017
872,2017-05-22,57.02,2017
873,2017-05-23,62.24,2017
874,2017-05-24,63.5,2017
875,2017-05-25,58.1,2017
876,2017-05-26,62.96,2017
877,2017-05-27,67.46,2017
878,2017-05-28,64.58,2017
879,2017-05-29,59.72,2017
880,2017-05-30,57.02,2017
881,2017-05-31,63.86,2017
882,2017-06-01,71.24000000000001,2017
883,2017-06-02,70.16,2017
884,2017-06-03,65.3,2017
885,2017-06-04,64.75999999999999,2017
886,2017-06-05,63.32,2017
887,2017-06-06,58.46,2017
888,2017-06-07,58.64,2017
889,2017-06-08,62.24,2017
890,2017-06-09,66.92,2017
891,2017-06-10,76.28,2017
892,2017-06-11,81.86,2017
893,2017-06-12,85.1,2017
894,2017-06-13,87.26,2017
895,2017-06-14,79.52,2017
896,2017-06-15,70.16,2017
897,2017-06-16,66.56,2017
898,2017-06-17,67.28,2017
899,2017-06-18,75.56,2017
900,2017-06-19,81.32,2017
901,2017-06-20,75.56,2017
902,2017-06-21,78.25999999999999,2017
903,2017-06-22,75.74000000000001,2017
904,2017-06-23,80.78,2017
905,2017-06-24,79.34,2017
906,2017-06-25,78.08,2017
907,2017-06-26,74.3,2017
908,2017-06-27,71.06,2017
909,2017-06-28,70.34,2017
910,2017-06-29,75.38,2017
911,2017-06-30,80.42,2017
912,2017-07-01,80.42,2017
913,2017-07-02,78.25999999999999,2017
914,2017-07-03,82.4,2017
915,2017-07-04,78.44,2017
916,2017-07-05,77.36,2017
917,2017-07-06,73.94,2017
918,2017-07-07,72.86,2017
919,2017-07-08,77.9,2017
920,2017-07-09,77.18,2017
921,2017-07-10,76.46,2017
922,2017-07-11,79.88,2017
923,2017-07-12,82.75999999999999,2017
924,2017-07-13,84.38000000000001,2017
925,2017-07-14,70.88,2017
926,2017-07-15,74.48,2017
927,2017-07-16,77.54,2017
928,2017-07-17,78.25999999999999,2017
929,2017-07-18,79.88,2017
930,2017-07-19,84.02,2017
931,2017-07-20,87.44,2017
932,2017-07-21,83.48,2017
933,2017-07-22,85.28,2017
934,2017-07-23,75.2,2017
935,2017-07-24,71.42,2017
936,2017-07-25,66.56,2017
937,2017-07-26,70.88,2017
938,2017-07-27,71.42,2017
939,2017-07-28,77.54,2017
940,2017-07-29,73.58,2017
941,2017-07-30,72.32,2017
942,2017-07-31,76.82,2017
943,2017-08-01,80.78,2017
944,2017-08-02,78.08,2017
945,2017-08-03,75.92,2017
946,2017-08-04,77.18,2017
947,2017-08-05,75.74000000000001,2017
948,2017-08-06,70.88,2017
949,2017-08-07,67.82,2017
950,2017-08-08,70.16,2017
951,2017-08-09,75.02,2017
952,2017-08-10,75.92,2017
953,2017-08-11,74.66,2017
954,2017-08-12,71.96,2017
955,2017-08-13,76.64,2017
956,2017-08-14,75.56,2017
957,2017-08-15,72.68,2017
958,2017-08-16,76.46,2017
959,2017-08-17,75.38,2017
960,2017-08-18,76.82,2017
961,2017-08-19,79.34,2017
962,2017-08-20,77.54,2017
963,2017-08-21,78.08,2017
964,2017-08-22,80.42,2017
965,2017-08-23,78.25999999999999,2017
966,2017-08-24,73.94,2017
967,2017-08-25,71.24000000000001,2017
968,2017-08-26,70.16,2017
969,2017-08-27,69.08,2017
970,2017-08-28,69.98,2017
971,2017-08-29,67.1,2017
972,2017-08-30,67.82,2017
973,2017-08-31,71.78,2017
974,2017-09-01,65.12,2017
975,2017-09-02,61.34,2017
976,2017-09-03,63.68,2017
977,2017-09-04,69.25999999999999,2017
978,2017-09-05,75.74000000000001,2017
979,2017-09-06,67.82,2017
980,2017-09-07,64.75999999999999,2017
981,2017-09-08,64.75999999999999,2017
982,2017-09-09,63.14,2017
983,2017-09-10,64.04,2017
984,2017-09-11,65.84,2017
985,2017-09-12,69.98,2017
986,2017-09-13,70.16,2017
987,2017-09-14,74.48,2017
988,2017-09-15,74.84,2017
989,2017-09-16,74.12,2017
990,2017-09-17,73.04,2017
991,2017-09-18,71.24000000000001,2017
992,2017-09-19,73.22,2017
993,2017-09-20,74.84,2017
994,2017-09-21,76.82,2017
995,2017-09-22,75.02,2017
996,2017-09-23,78.25999999999999,2017
997,2017-09-24,79.16,2017
998,2017-09-25,79.16,2017
999,2017-09-26,73.94,2017
1000,2017-09-27,77.36,2017
1001,2017-09-28,75.56,2017
1002,2017-09-29,62.78,2017
1003,2017-09-30,61.16,2017
1004,2017-10-01,58.28,2017
1005,2017-10-02,61.34,2017
1006,2017-10-03,61.88,2017
1007,2017-10-04,63.5,2017
1008,2017-10-05,71.78,2017
1009,2017-10-06,74.3,2017
1010,2017-10-07,73.75999999999999,2017
1011,2017-10-08,75.02,2017
1012,2017-10-09,75.2,2017
1013,2017-10-10,75.02,2017
1014,2017-10-11,70.16,2017
1015,2017-10-12,62.42,2017
1016,2017-10-13,58.46,2017
1017,2017-10-14,65.48,2017
1018,2017-10-15,68.72,2017
1019,2017-10-16,61.88,2017
1020,2017-10-17,50.9,2017
1021,2017-10-18,56.84,2017
1022,2017-10-19,61.34,2017
1023,2017-10-20,64.75999999999999,2017
1024,2017-10-21,65.48,2017
1025,2017-10-22,62.96,2017
1026,2017-10-23,66.56,2017
1027,2017-10-24,70.34,2017
1028,2017-10-25,63.68,2017
1029,2017-10-26,56.120000000000005,2017
1030,2017-10-27,52.88,2017
1031,2017-10-28,59.0,2017
1032,2017-10-29,63.86,2017
1033,2017-10-30,56.66,2017
1034,2017-10-31,51.620000000000005,2017
1035,2017-11-01,48.74,2017
1036,2017-11-02,62.96,2017
1037,2017-11-03,66.56,2017
1038,2017-11-04,51.98,2017
1039,2017-11-05,55.94,2017
1040,2017-11-06,62.96,2017
1041,2017-11-07,46.22,2017
1042,2017-11-08,42.98,2017
1043,2017-11-09,45.32,2017
1044,2017-11-10,42.98,2017
1045,2017-11-11,30.02,2017
1046,2017-11-12,35.6,2017
1047,2017-11-13,42.260000000000005,2017
1048,2017-11-14,41.54,2017
1049,2017-11-15,42.260000000000005,2017
1050,2017-11-16,51.98,2017
1051,2017-11-17,44.96,2017
1052,2017-11-18,40.46,2017
1053,2017-11-19,52.52,2017
1054,2017-11-20,42.08,2017
1055,2017-11-21,45.86,2017
1056,2017-11-22,49.64,2017
1057,2017-11-23,37.58,2017
1058,2017-11-24,39.38,2017
1059,2017-11-25,45.14,2017
1060,2017-11-26,48.2,2017
1061,2017-11-27,43.7,2017
1062,2017-11-28,42.8,2017
1063,2017-11-29,52.52,2017
1064,2017-11-30,43.34,2017
1065,2017-12-01,48.74,2017
1066,2017-12-02,41.54,2017
1067,2017-12-03,44.24,2017
1068,2017-12-04,41.36,2017
1069,2017-12-05,54.32,2017
1070,2017-12-06,49.46,2017
1071,2017-12-07,39.56,2017
1072,2017-12-08,36.86,2017
1073,2017-12-09,33.62,2017
1074,2017-12-10,33.08,2017
1075,2017-12-11,36.32,2017
1076,2017-12-12,42.98,2017
1077,2017-12-13,28.22,2017
1078,2017-12-14,27.32,2017
1079,2017-12-15,23.54,2017
1080,2017-12-16,27.32,2017
1081,2017-12-17,35.24,2017
1082,2017-12-18,39.02,2017
1083,2017-12-19,48.2,2017
1084,2017-12-20,46.76,2017
1085,2017-12-21,36.14,2017
1086,2017-12-22,39.02,2017
1087,2017-12-23,42.260000000000005,2017
1088,2017-12-24,40.28,2017
1089,2017-12-25,35.96,2017
1090,2017-12-26,27.14,2017
1091,2017-12-27,22.64,2017
1092,2017-12-28,17.06,2017
1093,2017-12-29,16.34,2017
1094,2017-12-30,18.86,2017
1095,2017-12-31,16.88,2017
1096,2018-01-01,12.020000000000003,2018
1097,2018-01-02,17.96,2018
1098,2018-01-03,19.76,2018
1099,2018-01-04,25.34,2018
1100,2018-01-05,15.44,2018
1101,2018-01-06,10.94,2018
1102,2018-01-07,9.68,2018
1103,2018-01-08,21.38,2018
1104,2018-01-09,33.44,2018
1105,2018-01-10,33.44,2018
1106,2018-01-11,41.54,2018
1107,2018-01-12,53.06,2018
1108,2018-01-13,44.96,2018
1109,2018-01-14,20.12,2018
1110,2018-01-15,21.56,2018
1111,2018-01-16,29.12,2018
1112,2018-01-17,33.44,2018
1113,2018-01-18,24.8,2018
1114,2018-01-19,29.3,2018
1115,2018-01-20,40.28,2018
1116,2018-01-21,43.52,2018
1117,2018-01-22,46.04,2018
1118,2018-01-23,47.84,2018
1119,2018-01-24,42.260000000000005,2018
1120,2018-01-25,29.3,2018
1121,2018-01-26,30.56,2018
1122,2018-01-27,39.56,2018
1123,2018-01-28,51.26,2018
1124,2018-01-29,42.44,2018
1125,2018-01-30,34.16,2018
1126,2018-01-31,25.34,2018
1127,2018-02-01,35.96,2018
1128,2018-02-02,33.44,2018
1129,2018-02-03,21.74,2018
1130,2018-02-04,33.08,2018
1131,2018-02-05,35.78,2018
1132,2018-02-06,30.02,2018
1133,2018-02-07,32.54,2018
1134,2018-02-08,32.36,2018
1135,2018-02-09,28.76,2018
1136,2018-02-10,39.92,2018
1137,2018-02-11,47.66,2018
1138,2018-02-12,51.44,2018
1139,2018-02-13,32.54,2018
1140,2018-02-14,39.92,2018
1141,2018-02-15,50.0,2018
1142,2018-02-16,55.58,2018
1143,2018-02-17,35.06,2018
1144,2018-02-18,37.04,2018
1145,2018-02-19,40.82,2018
1146,2018-02-20,52.88,2018
1147,2018-02-21,66.02,2018
1148,2018-02-22,50.36,2018
1149,2018-02-23,38.66,2018
1150,2018-02-24,45.68,2018
1151,2018-02-25,43.7,2018
1152,2018-02-26,45.86,2018
1153,2018-02-27,46.76,2018
1154,2018-02-28,48.02,2018
1155,2018-03-01,54.5,2018
1156,2018-03-02,41.18,2018
1157,2018-03-03,39.92,2018
1158,2018-03-04,41.54,2018
1159,2018-03-05,37.94,2018
1160,2018-03-06,38.3,2018
1161,2018-03-07,36.32,2018
1162,2018-03-08,35.78,2018
1163,2018-03-09,35.06,2018
1164,2018-03-10,36.32,2018
1165,2018-03-11,37.94,2018
1166,2018-03-12,37.76,2018
1167,2018-03-13,37.04,2018
1168,2018-03-14,35.96,2018
1169,2018-03-15,38.12,2018
1170,2018-03-16,37.04,2018
1171,2018-03-17,36.68,2018
1172,2018-03-18,38.48,2018
1173,2018-03-19,39.02,2018
1174,2018-03-20,35.06,2018
1175,2018-03-21,34.88,2018
1176,2018-03-22,38.84,2018
1177,2018-03-23,42.8,2018
1178,2018-03-24,43.34,2018
1179,2018-03-25,39.38,2018
1180,2018-03-26,39.38,2018
1181,2018-03-27,38.48,2018
1182,2018-03-28,42.620000000000005,2018
1183,2018-03-29,49.46,2018
1184,2018-03-30,51.620000000000005,2018
1185,2018-03-31,47.120000000000005,2018
1186,2018-04-01,51.08,2018
1187,2018-04-02,39.2,2018
1188,2018-04-03,39.02,2018
1189,2018-04-04,46.04,2018
1190,2018-04-05,40.82,2018
1191,2018-04-06,44.06,2018
1192,2018-04-07,46.94,2018
1193,2018-04-08,39.02,2018
1194,2018-04-09,38.66,2018
1195,2018-04-10,42.8,2018
1196,2018-04-11,42.98,2018
1197,2018-04-12,49.46,2018
1198,2018-04-13,67.64,2018
1199,2018-04-14,70.34,2018
1200,2018-04-15,44.96,2018
1201,2018-04-16,47.120000000000005,2018
1202,2018-04-17,45.32,2018
1203,2018-04-18,44.78,2018
1204,2018-04-19,46.04,2018
1205,2018-04-20,43.52,2018
1206,2018-04-21,48.92,2018
1207,2018-04-22,56.3,2018
1208,2018-04-23,53.78,2018
1209,2018-04-24,54.14,2018
1210,2018-04-25,55.76,2018
1211,2018-04-26,60.08,2018
1212,2018-04-27,57.38,2018
1213,2018-04-28,55.76,2018
1214,2018-04-29,54.14,2018
1215,2018-04-30,48.92,2018
1216,2018-05-01,60.440000000000005,2018
1217,2018-05-02,74.84,2018
1218,2018-05-03,80.78,2018
1219,2018-05-04,77.0,2018
1220,2018-05-05,72.32,2018
1221,2018-05-06,64.75999999999999,2018
1222,2018-05-07,62.96,2018
1223,2018-05-08,60.98,2018
1224,2018-05-09,62.42,2018
1225,2018-05-10,58.1,2018
1226,2018-05-11,66.38,2018
1227,2018-05-12,59.72,2018
1228,2018-05-13,52.7,2018
1229,2018-05-14,57.38,2018
1230,2018-05-15,70.7,2018
1231,2018-05-16,64.04,2018
1232,2018-05-17,61.16,2018
1233,2018-05-18,64.94,2018
1234,2018-05-19,55.04,2018
1235,2018-05-20,67.46,2018
1236,2018-05-21,69.25999999999999,2018
1237,2018-05-22,63.5,2018
1238,2018-05-23,67.28,2018
1239,2018-05-24,74.84,2018
1240,2018-05-25,75.56,2018
1241,2018-05-26,80.96,2018
1242,2018-05-27,69.44,2018
1243,2018-05-28,60.62,2018
1244,2018-05-29,72.68,2018
1245,2018-05-30,69.62,2018
1246,2018-05-31,64.58,2018
1247,2018-06-01,69.44,2018
1248,2018-06-02,77.0,2018
1249,2018-06-03,64.94,2018
1250,2018-06-04,58.82,2018
1251,2018-06-05,67.28,2018
1252,2018-06-06,64.58,2018
1253,2018-06-07,63.86,2018
1254,2018-06-08,69.44,2018
1255,2018-06-09,75.38,2018
1256,2018-06-10,69.25999999999999,2018
1257,2018-06-11,62.78,2018
1258,2018-06-12,64.75999999999999,2018
1259,2018-06-13,69.08,2018
1260,2018-06-14,76.46,2018
1261,2018-06-15,72.68,2018
1262,2018-06-16,74.3,2018
1263,2018-06-17,78.08,2018
1264,2018-06-18,82.58,2018
1265,2018-06-19,82.22,2018
1266,2018-06-20,77.0,2018
1267,2018-06-21,74.84,2018
1268,2018-06-22,71.96,2018
1269,2018-06-23,65.66,2018
1270,2018-06-24,73.75999999999999,2018
1271,2018-06-25,75.92,2018
1272,2018-06-26,70.7,2018
1273,2018-06-27,70.16,2018
1274,2018-06-28,75.74000000000001,2018
1275,2018-06-29,81.32,2018
1276,2018-06-30,84.56,2018
1277,2018-07-01,87.98,2018
1278,2018-07-02,86.72,2018
1279,2018-07-03,83.12,2018
1280,2018-07-04,80.78,2018
1281,2018-07-05,81.14,2018
1282,2018-07-06,79.7,2018
1283,2018-07-07,70.7,2018
1284,2018-07-08,71.78,2018
1285,2018-07-09,76.82,2018
1286,2018-07-10,82.04,2018
1287,2018-07-11,82.94,2018
1288,2018-07-12,76.64,2018
1289,2018-07-13,76.82,2018
1290,2018-07-14,80.06,2018
1291,2018-07-15,77.36,2018
1292,2018-07-16,82.22,2018
1293,2018-07-17,81.14,2018
1294,2018-07-18,76.82,2018
1295,2018-07-19,75.02,2018
1296,2018-07-20,75.02,2018
1297,2018-07-21,73.4,2018
1298,2018-07-22,73.58,2018
1299,2018-07-23,75.56,2018
1300,2018-07-24,77.54,2018
1301,2018-07-25,75.38,2018
1302,2018-07-26,76.28,2018
1303,2018-07-27,79.16,2018
1304,2018-07-28,75.74000000000001,2018
1305,2018-07-29,77.72,2018
1306,2018-07-30,75.74000000000001,2018
1307,2018-07-31,74.12,2018
1308,2018-08-01,79.16,2018
1309,2018-08-02,81.86,2018
1310,2018-08-03,77.72,2018
1311,2018-08-04,78.62,2018
1312,2018-08-05,82.94,2018
1313,2018-08-06,85.28,2018
1314,2018-08-07,84.38000000000001,2018
1315,2018-08-08,82.22,2018
1316,2018-08-09,82.94,2018
1317,2018-08-10,81.86,2018
1318,2018-08-11,76.46,2018
1319,2018-08-12,75.92,2018
1320,2018-08-13,74.3,2018
1321,2018-08-14,73.04,2018
1322,2018-08-15,77.36,2018
1323,2018-08-16,83.12,2018
1324,2018-08-17,83.66,2018
1325,2018-08-18,80.06,2018
1326,2018-08-19,71.42,2018
1327,2018-08-20,71.78,2018
1328,2018-08-21,72.5,2018
1329,2018-08-22,77.18,2018
1330,2018-08-23,73.75999999999999,2018
1331,2018-08-24,73.75999999999999,2018
1332,2018-08-25,73.94,2018
1333,2018-08-26,75.74000000000001,2018
1334,2018-08-27,80.96,2018
1335,2018-08-28,86.36,2018
1336,2018-08-29,87.8,2018
1337,2018-08-30,86.18,2018
1338,2018-08-31,77.18,2018
1339,2018-09-01,73.04,2018
1340,2018-09-02,74.66,2018
1341,2018-09-03,82.58,2018
1342,2018-09-04,86.18,2018
1343,2018-09-05,84.38000000000001,2018
1344,2018-09-06,85.46000000000001,2018
1345,2018-09-07,76.1,2018
1346,2018-09-08,69.62,2018
1347,2018-09-09,58.82,2018
1348,2018-09-10,59.36,2018
1349,2018-09-11,65.12,2018
1350,2018-09-12,74.12,2018
1351,2018-09-13,73.04,2018
1352,2018-09-14,72.14,2018
1353,2018-09-15,72.86,2018
1354,2018-09-16,73.75999999999999,2018
1355,2018-09-17,73.22,2018
1356,2018-09-18,75.56,2018
1357,2018-09-19,74.84,2018
1358,2018-09-20,69.25999999999999,2018
1359,2018-09-21,69.62,2018
1360,2018-09-22,71.42,2018
1361,2018-09-23,62.24,2018
1362,2018-09-24,62.96,2018
1363,2018-09-25,64.58,2018
1364,2018-09-26,75.92,2018
1365,2018-09-27,69.08,2018
1366,2018-09-28,62.06,2018
1367,2018-09-29,63.68,2018
1368,2018-09-30,62.06,2018
1369,2018-10-01,67.64,2018
1370,2018-10-02,72.14,2018
1371,2018-10-03,69.44,2018
1372,2018-10-04,67.28,2018
1373,2018-10-05,67.64,2018
1374,2018-10-06,64.94,2018
1375,2018-10-07,71.24000000000001,2018
1376,2018-10-08,68.54,2018
1377,2018-10-09,70.16,2018
1378,2018-10-10,73.22,2018
1379,2018-10-11,73.22,2018
1380,2018-10-12,63.32,2018
1381,2018-10-13,52.16,2018
1382,2018-10-14,50.72,2018
1383,2018-10-15,58.1,2018
1384,2018-10-16,55.76,2018
1385,2018-10-17,51.98,2018
1386,2018-10-18,47.84,2018
1387,2018-10-19,47.48,2018
1388,2018-10-20,56.66,2018
1389,2018-10-21,48.2,2018
1390,2018-10-22,42.620000000000005,2018
1391,2018-10-23,52.52,2018
1392,2018-10-24,50.0,2018
1393,2018-10-25,45.86,2018
1394,2018-10-26,43.16,2018
1395,2018-10-27,47.120000000000005,2018
1396,2018-10-28,48.56,2018
1397,2018-10-29,51.620000000000005,2018
1398,2018-10-30,48.38,2018
1399,2018-10-31,52.16,2018
1400,2018-11-01,61.52,2018
1401,2018-11-02,68.36,2018
1402,2018-11-03,59.18,2018
1403,2018-11-04,48.38,2018
1404,2018-11-05,51.26,2018
1405,2018-11-06,52.7,2018
1406,2018-11-07,56.48,2018
1407,2018-11-08,52.7,2018
1408,2018-11-09,44.96,2018
1409,2018-11-10,45.68,2018
1410,2018-11-11,37.58,2018
1411,2018-11-12,40.28,2018
1412,2018-11-13,46.04,2018
1413,2018-11-14,39.56,2018
1414,2018-11-15,31.46,2018
1415,2018-11-16,38.3,2018
1416,2018-11-17,41.54,2018
1417,2018-11-18,41.72,2018
1418,2018-11-19,44.24,2018
1419,2018-11-20,44.96,2018
1420,2018-11-21,39.92,2018
1421,2018-11-22,26.78,2018
1422,2018-11-23,22.1,2018
1423,2018-11-24,32.54,2018
1424,2018-11-25,49.46,2018
1425,2018-11-26,49.46,2018
1426,2018-11-27,43.34,2018
1427,2018-11-28,38.12,2018
1428,2018-11-29,42.260000000000005,2018
1429,2018-11-30,39.38,2018
1430,2018-12-01,40.46,2018
1431,2018-12-02,46.76,2018
1432,2018-12-03,52.88,2018
1433,2018-12-04,41.0,2018
1434,2018-12-05,30.38,2018
1435,2018-12-06,33.08,2018
1436,2018-12-07,36.14,2018
1437,2018-12-08,29.3,2018
1438,2018-12-09,30.38,2018
1439,2018-12-10,31.64,2018
1440,2018-12-11,31.82,2018
1441,2018-12-12,35.24,2018
1442,2018-12-13,35.42,2018
1443,2018-12-14,42.8,2018
1444,2018-12-15,48.74,2018
1445,2018-12-16,42.8,2018
1446,2018-12-17,41.18,2018
1447,2018-12-18,36.68,2018
1448,2018-12-19,31.82,2018
1449,2018-12-20,37.4,2018
1450,2018-12-21,53.96,2018
1451,2018-12-22,48.56,2018
1452,2018-12-23,40.64,2018
1453,2018-12-24,39.38,2018
1454,2018-12-25,35.96,2018
1455,2018-12-26,36.68,2018
1456,2018-12-27,39.56,2018
1457,2018-12-28,48.38,2018
1458,2018-12-29,51.98,2018
1459,2018-12-30,38.12,2018
1460,2018-12-31,38.12,2018
1461,2019-01-01,50.54,2019
1462,2019-01-02,38.66,2019
1463,2019-01-03,41.18,2019
1464,2019-01-04,37.22,2019
1465,2019-01-05,43.88,2019
1466,2019-01-06,43.88,2019
1467,2019-01-07,30.56,2019
1468,2019-01-08,37.4,2019
1469,2019-01-09,42.44,2019
1470,2019-01-10,33.44,2019
1471,2019-01-11,27.68,2019
1472,2019-01-12,25.52,2019
1473,2019-01-13,28.76,2019
1474,2019-01-14,25.880000000000003,2019
1475,2019-01-15,28.58,2019
1476,2019-01-16,31.1,2019
1477,2019-01-17,30.38,2019
1478,2019-01-18,32.18,2019
1479,2019-01-19,33.98,2019
1480,2019-01-20,35.06,2019
1481,2019-01-21,11.12,2019
1482,2019-01-22,18.14,2019
1483,2019-01-23,33.26,2019
1484,2019-01-24,52.7,2019
1485,2019-01-25,36.14,2019
1486,2019-01-26,28.94,2019
1487,2019-01-27,37.04,2019
1488,2019-01-28,32.18,2019
1489,2019-01-29,28.94,2019
1490,2019-01-30,27.68,2019
1491,2019-01-31,8.420000000000002,2019
1492,2019-02-01,14.720000000000002,2019
1493,2019-02-02,21.92,2019
1494,2019-02-03,36.14,2019
1495,2019-02-04,43.52,2019
1496,2019-02-05,48.74,2019
1497,2019-02-06,43.52,2019
1498,2019-02-07,41.36,2019
1499,2019-02-08,44.96,2019
1500,2019-02-09,30.74,2019
1501,2019-02-10,28.22,2019
1502,2019-02-11,33.62,2019
1503,2019-02-12,31.28,2019
1504,2019-02-13,36.5,2019
1505,2019-02-14,37.22,2019
1506,2019-02-15,48.38,2019
1507,2019-02-16,44.06,2019
1508,2019-02-17,31.64,2019
1509,2019-02-18,36.68,2019
1510,2019-02-19,28.94,2019
1511,2019-02-20,28.94,2019
1512,2019-02-21,38.12,2019
1513,2019-02-22,42.98,2019
1514,2019-02-23,36.32,2019
1515,2019-02-24,41.0,2019
1516,2019-02-25,41.18,2019
1517,2019-02-26,31.46,2019
1518,2019-02-27,27.14,2019
1519,2019-02-28,31.82,2019
1520,2019-03-01,30.92,2019
1521,2019-03-02,34.16,2019
1522,2019-03-03,37.94,2019
1523,2019-03-04,34.52,2019
1524,2019-03-05,27.5,2019
1525,2019-03-06,23.54,2019
1526,2019-03-07,23.72,2019
1527,2019-03-08,29.48,2019
1528,2019-03-09,39.02,2019
1529,2019-03-10,39.2,2019
1530,2019-03-11,45.86,2019
1531,2019-03-12,41.0,2019
1532,2019-03-13,37.76,2019
1533,2019-03-14,46.04,2019
1534,2019-03-15,59.18,2019
1535,2019-03-16,52.16,2019
1536,2019-03-17,39.02,2019
1537,2019-03-18,37.94,2019
1538,2019-03-19,41.0,2019
1539,2019-03-20,42.44,2019
1540,2019-03-21,45.32,2019
1541,2019-03-22,44.42,2019
1542,2019-03-23,41.36,2019
1543,2019-03-24,46.4,2019
1544,2019-03-25,51.620000000000005,2019
1545,2019-03-26,42.08,2019
1546,2019-03-27,38.84,2019
1547,2019-03-28,41.36,2019
1548,2019-03-29,50.9,2019
1549,2019-03-30,57.56,2019
1550,2019-03-31,55.94,2019
1551,2019-04-01,40.28,2019
1552,2019-04-02,42.98,2019
1553,2019-04-03,50.72,2019
1554,2019-04-04,52.52,2019
1555,2019-04-05,42.8,2019
1556,2019-04-06,48.74,2019
1557,2019-04-07,56.66,2019
1558,2019-04-08,63.14,2019
1559,2019-04-09,52.7,2019
1560,2019-04-10,52.16,2019
1561,2019-04-11,45.32,2019
1562,2019-04-12,52.88,2019
1563,2019-04-13,66.02,2019
1564,2019-04-14,65.3,2019
1565,2019-04-15,59.72,2019
1566,2019-04-16,51.98,2019
1567,2019-04-17,54.32,2019
1568,2019-04-18,53.96,2019
1569,2019-04-19,68.18,2019
1570,2019-04-20,64.94,2019
1571,2019-04-21,57.02,2019
1572,2019-04-22,58.46,2019
1573,2019-04-23,64.04,2019
1574,2019-04-24,66.92,2019
1575,2019-04-25,56.66,2019
1576,2019-04-26,55.94,2019
1577,2019-04-27,56.48,2019
1578,2019-04-28,51.44,2019
1579,2019-04-29,48.92,2019
1580,2019-04-30,53.6,2019
1581,2019-05-01,54.14,2019
1582,2019-05-02,58.1,2019
1583,2019-05-03,53.42,2019
1584,2019-05-04,58.64,2019
1585,2019-05-05,55.76,2019
1586,2019-05-06,58.28,2019
1587,2019-05-07,61.88,2019
1588,2019-05-08,62.6,2019
1589,2019-05-09,57.2,2019
1590,2019-05-10,62.96,2019
1591,2019-05-11,65.48,2019
1592,2019-05-12,53.24,2019
1593,2019-05-13,46.22,2019
1594,2019-05-14,48.02,2019
1595,2019-05-15,55.76,2019
1596,2019-05-16,64.22,2019
1597,2019-05-17,68.36,2019
1598,2019-05-18,68.54,2019
1599,2019-05-19,67.82,2019
1600,2019-05-20,77.54,2019
1601,2019-05-21,68.36,2019
1602,2019-05-22,65.66,2019
1603,2019-05-23,65.12,2019
1604,2019-05-24,70.88,2019
1605,2019-05-25,64.22,2019
1606,2019-05-26,71.42,2019
1607,2019-05-27,73.75999999999999,2019
1608,2019-05-28,68.72,2019
1609,2019-05-29,68.18,2019
1610,2019-05-30,61.16,2019
1611,2019-05-31,71.24000000000001,2019
1612,2019-06-01,71.78,2019
1613,2019-06-02,73.22,2019
1614,2019-06-03,66.56,2019
1615,2019-06-04,63.68,2019
1616,2019-06-05,71.42,2019
1617,2019-06-06,77.54,2019
1618,2019-06-07,73.94,2019
1619,2019-06-08,71.42,2019
1620,2019-06-09,68.54,2019
1621,2019-06-10,65.12,2019
1622,2019-06-11,71.24000000000001,2019
1623,2019-06-12,68.18,2019
1624,2019-06-13,64.04,2019
1625,2019-06-14,66.02,2019
1626,2019-06-15,71.06,2019
1627,2019-06-16,75.38,2019
1628,2019-06-17,73.75999999999999,2019
1629,2019-06-18,71.42,2019
1630,2019-06-19,69.25999999999999,2019
1631,2019-06-20,70.34,2019
1632,2019-06-21,73.4,2019
1633,2019-06-22,73.22,2019
1634,2019-06-23,75.2,2019
1635,2019-06-24,77.72,2019
1636,2019-06-25,78.25999999999999,2019
1637,2019-06-26,81.68,2019
1638,2019-06-27,83.12,2019
1639,2019-06-28,82.75999999999999,2019
1640,2019-06-29,81.14,2019
1641,2019-06-30,77.72,2019
1642,2019-07-01,76.28,2019
1643,2019-07-02,80.06,2019
1644,2019-07-03,82.04,2019
1645,2019-07-04,81.68,2019
1646,2019-07-05,77.72,2019
1647,2019-07-06,81.5,2019
1648,2019-07-07,79.16,2019
1649,2019-07-08,73.94,2019
1650,2019-07-09,78.44,2019
1651,2019-07-10,82.94,2019
1652,2019-07-11,79.88,2019
1653,2019-07-12,78.98,2019
1654,2019-07-13,79.7,2019
1655,2019-07-14,82.94,2019
1656,2019-07-15,80.06,2019
1657,2019-07-16,82.75999999999999,2019
1658,2019-07-17,87.08000000000001,2019
1659,2019-07-18,77.72,2019
1660,2019-07-19,80.06,2019
1661,2019-07-20,90.14,2019
1662,2019-07-21,90.86,2019
1663,2019-07-22,83.12,2019
1664,2019-07-23,72.68,2019
1665,2019-07-24,75.02,2019
1666,2019-07-25,78.25999999999999,2019
1667,2019-07-26,78.08,2019
1668,2019-07-27,79.34,2019
1669,2019-07-28,80.78,2019
1670,2019-07-29,83.48,2019
1671,2019-07-30,85.64,2019
1672,2019-07-31,80.42,2019
1673,2019-08-01,77.9,2019
1674,2019-08-02,79.16,2019
1675,2019-08-03,78.62,2019
1676,2019-08-04,78.98,2019
1677,2019-08-05,74.84,2019
1678,2019-08-06,76.28,2019
1679,2019-08-07,76.1,2019
1680,2019-08-08,75.38,2019
1681,2019-08-09,75.38,2019
1682,2019-08-10,75.92,2019
1683,2019-08-11,73.75999999999999,2019
1684,2019-08-12,76.64,2019
1685,2019-08-13,77.72,2019
1686,2019-08-14,76.82,2019
1687,2019-08-15,76.46,2019
1688,2019-08-16,74.84,2019
1689,2019-08-17,79.16,2019
1690,2019-08-18,80.96,2019
1691,2019-08-19,80.42,2019
1692,2019-08-20,80.96,2019
1693,2019-08-21,80.96,2019
1694,2019-08-22,81.68,2019
1695,2019-08-23,72.14,2019
1696,2019-08-24,70.34,2019
1697,2019-08-25,70.34,2019
1698,2019-08-26,67.28,2019
1699,2019-08-27,68.36,2019
1700,2019-08-28,71.24000000000001,2019
1701,2019-08-29,74.84,2019
1702,2019-08-30,75.02,2019
1703,2019-08-31,76.64,2019
1704,2019-09-01,71.06,2019
1705,2019-09-02,72.32,2019
1706,2019-09-03,73.94,2019
1707,2019-09-04,75.92,2019
1708,2019-09-05,72.14,2019
1709,2019-09-06,65.12,2019
1710,2019-09-07,66.02,2019
1711,2019-09-08,70.16,2019
1712,2019-09-09,71.42,2019
1713,2019-09-10,72.14,2019
1714,2019-09-11,76.64,2019
1715,2019-09-12,78.25999999999999,2019
1716,2019-09-13,64.75999999999999,2019
1717,2019-09-14,69.62,2019
1718,2019-09-15,75.56,2019
1719,2019-09-16,73.58,2019
1720,2019-09-17,70.52,2019
1721,2019-09-18,64.04,2019
1722,2019-09-19,60.98,2019
1723,2019-09-20,64.04,2019
1724,2019-09-21,70.88,2019
1725,2019-09-22,73.75999999999999,2019
1726,2019-09-23,79.34,2019
1727,2019-09-24,74.12,2019
1728,2019-09-25,69.08,2019
1729,2019-09-26,69.44,2019
1730,2019-09-27,66.92,2019
1731,2019-09-28,71.24000000000001,2019
1732,2019-09-29,75.92,2019
1733,2019-09-30,65.3,2019
1734,2019-10-01,70.34,2019
1735,2019-10-02,79.88,2019
1736,2019-10-03,60.08,2019
1737,2019-10-04,60.62,2019
1738,2019-10-05,51.98,2019
1739,2019-10-06,63.32,2019
1740,2019-10-07,72.68,2019
1741,2019-10-08,60.98,2019
1742,2019-10-09,57.02,2019
1743,2019-10-10,59.9,2019
1744,2019-10-11,60.440000000000005,2019
1745,2019-10-12,60.440000000000005,2019
1746,2019-10-13,59.540000000000006,2019
1747,2019-10-14,64.04,2019
1748,2019-10-15,59.36,2019
1749,2019-10-16,59.540000000000006,2019
1750,2019-10-17,55.76,2019
1751,2019-10-18,54.5,2019
1752,2019-10-19,50.9,2019
1753,2019-10-20,51.98,2019
1754,2019-10-21,57.02,2019
1755,2019-10-22,58.64,2019
1756,2019-10-23,61.88,2019
1757,2019-10-24,56.84,2019
1758,2019-10-25,56.48,2019
1759,2019-10-26,58.28,2019
1760,2019-10-27,61.16,2019
1761,2019-10-28,60.26,2019
1762,2019-10-29,57.38,2019
1763,2019-10-30,60.26,2019
1764,2019-10-31,66.74000000000001,2019
1765,2019-11-01,56.66,2019
1766,2019-11-02,45.68,2019
1767,2019-11-03,47.120000000000005,2019
1768,2019-11-04,46.76,2019
1769,2019-11-05,53.78,2019
1770,2019-11-06,51.08,2019
1771,2019-11-07,49.64,2019
1772,2019-11-08,39.2,2019
1773,2019-11-09,33.08,2019
1774,2019-11-10,41.36,2019
1775,2019-11-11,50.54,2019
1776,2019-11-12,45.32,2019
1777,2019-11-13,28.22,2019
1778,2019-11-14,33.08,2019
1779,2019-11-15,41.0,2019
1780,2019-11-16,39.38,2019
1781,2019-11-17,34.7,2019
1782,2019-11-18,39.38,2019
1783,2019-11-19,43.88,2019
1784,2019-11-20,43.88,2019
1785,2019-11-21,45.68,2019
1786,2019-11-22,49.1,2019
1787,2019-11-23,39.56,2019
1788,2019-11-24,41.54,2019
1789,2019-11-25,44.06,2019
1790,2019-11-26,47.84,2019
1791,2019-11-27,52.16,2019
1792,2019-11-28,50.18,2019
1793,2019-11-29,36.68,2019
1794,2019-11-30,37.58,2019
1795,2019-12-01,32.72,2019
1796,2019-12-02,35.42,2019
1797,2019-12-03,33.98,2019
1798,2019-12-04,34.88,2019
1799,2019-12-05,38.84,2019
1800,2019-12-06,40.1,2019
1801,2019-12-07,37.76,2019
1802,2019-12-08,32.72,2019
1803,2019-12-09,43.52,2019
1804,2019-12-10,55.58,2019
1805,2019-12-11,38.3,2019
1806,2019-12-12,31.46,2019
1807,2019-12-13,36.32,2019
1808,2019-12-14,50.18,2019
1809,2019-12-15,45.14,2019
1810,2019-12-16,35.96,2019
1811,2019-12-17,33.8,2019
1812,2019-12-18,33.44,2019
1813,2019-12-19,21.56,2019
1814,2019-12-20,26.06,2019
1815,2019-12-21,26.96,2019
1816,2019-12-22,33.44,2019
1817,2019-12-23,42.620000000000005,2019
1818,2019-12-24,43.52,2019
1819,2019-12-25,35.96,2019
1820,2019-12-26,37.58,2019
1821,2019-12-27,48.74,2019
1822,2019-12-28,46.94,2019
1823,2019-12-29,41.72,2019
1824,2019-12-30,41.72,2019
1825,2019-12-31,40.28,2019
1826,2020-01-01,39.56,2020
1827,2020-01-02,36.5,2020
1828,2020-01-03,45.32,2020
1829,2020-01-04,48.38,2020
1830,2020-01-05,41.54,2020
1831,2020-01-06,36.86,2020
1832,2020-01-07,39.38,2020
1833,2020-01-08,36.32,2020
1834,2020-01-09,28.94,2020
1835,2020-01-10,38.3,2020
1836,2020-01-11,57.56,2020
1837,2020-01-12,64.58,2020
1838,2020-01-13,42.98,2020
1839,2020-01-14,41.54,2020
1840,2020-01-15,45.5,2020
1841,2020-01-16,44.78,2020
1842,2020-01-17,29.84,2020
1843,2020-01-18,23.54,2020
1844,2020-01-19,37.94,2020
1845,2020-01-20,27.86,2020
1846,2020-01-21,26.24,2020
1847,2020-01-22,29.84,2020
1848,2020-01-23,35.06,2020
1849,2020-01-24,41.36,2020
1850,2020-01-25,43.52,2020
1851,2020-01-26,41.9,2020
1852,2020-01-27,39.56,2020
1853,2020-01-28,40.82,2020
1854,2020-01-29,37.76,2020
1855,2020-01-30,30.74,2020
1856,2020-01-31,35.78,2020
1857,2020-02-01,40.28,2020
1858,2020-02-02,39.74,2020
1859,2020-02-03,43.34,2020
1860,2020-02-04,48.74,2020
1861,2020-02-05,45.68,2020
1862,2020-02-06,40.28,2020
1863,2020-02-07,41.9,2020
1864,2020-02-08,35.24,2020
1865,2020-02-09,35.42,2020
1866,2020-02-10,42.44,2020
1867,2020-02-11,45.5,2020
1868,2020-02-12,43.52,2020
1869,2020-02-13,39.92,2020
1870,2020-02-14,34.88,2020
1871,2020-02-15,21.38,2020
1872,2020-02-16,33.44,2020
1873,2020-02-17,42.620000000000005,2020
1874,2020-02-18,43.16,2020
1875,2020-02-19,45.14,2020
1876,2020-02-20,33.62,2020
1877,2020-02-21,28.04,2020
1878,2020-02-22,35.96,2020
1879,2020-02-23,43.7,2020
1880,2020-02-24,46.76,2020
1881,2020-02-25,48.38,2020
1882,2020-02-26,46.94,2020
1883,2020-02-27,43.16,2020
1884,2020-02-28,33.98,2020
1885,2020-02-29,32.9,2020
1886,2020-03-01,32.36,2020
1887,2020-03-02,44.78,2020
1888,2020-03-03,53.6,2020
1889,2020-03-04,51.08,2020
1890,2020-03-05,46.94,2020
1891,2020-03-06,41.72,2020
1892,2020-03-07,40.82,2020
1893,2020-03-08,43.88,2020
1894,2020-03-09,54.68,2020
1895,2020-03-10,59.18,2020
1896,2020-03-11,53.42,2020
1897,2020-03-12,46.76,2020
1898,2020-03-13,55.04,2020
1899,2020-03-14,51.26,2020
1900,2020-03-15,48.02,2020
1901,2020-03-16,39.92,2020
1902,2020-03-17,45.32,2020
1903,2020-03-18,47.84,2020
1904,2020-03-19,46.22,2020
1905,2020-03-20,55.22,2020
1906,2020-03-21,54.68,2020
1907,2020-03-22,39.02,2020
1908,2020-03-23,38.84,2020
1909,2020-03-24,44.24,2020
1910,2020-03-25,43.88,2020
1911,2020-03-26,45.86,2020
1912,2020-03-27,56.84,2020
1913,2020-03-28,50.72,2020
1914,2020-03-29,46.22,2020
1915,2020-03-30,47.120000000000005,2020
1916,2020-03-31,44.42,2020
1917,2020-04-01,45.68,2020
1918,2020-04-02,48.74,2020
1919,2020-04-03,50.72,2020
1920,2020-04-04,51.8,2020
1921,2020-04-05,51.8,2020
1922,2020-04-06,55.94,2020
1923,2020-04-07,58.28,2020
1924,2020-04-08,58.82,2020
1925,2020-04-09,52.52,2020
1926,2020-04-10,44.78,2020
1927,2020-04-11,46.04,2020
1928,2020-04-12,50.54,2020
1929,2020-04-13,60.440000000000005,2020
1930,2020-04-14,54.68,2020
1931,2020-04-15,48.2,2020
1932,2020-04-16,46.22,2020
1933,2020-04-17,41.72,2020
1934,2020-04-18,44.96,2020
1935,2020-04-19,47.66,2020
1936,2020-04-20,53.42,2020
1937,2020-04-21,50.36,2020
1938,2020-04-22,44.06,2020
1939,2020-04-23,44.78,2020
1940,2020-04-24,45.32,2020
1941,2020-04-25,51.44,2020
1942,2020-04-26,49.46,2020
1943,2020-04-27,44.78,2020
1944,2020-04-28,51.26,2020
1945,2020-04-29,53.06,2020
1946,2020-04-30,53.42,2020
1947,2020-05-01,58.28,2020
1948,2020-05-02,62.78,2020
1949,2020-05-03,67.1,2020
1950,2020-05-04,67.28,2020
1951,2020-05-05,53.78,2020
1952,2020-05-06,51.98,2020
1953,2020-05-07,53.96,2020
1954,2020-05-08,52.7,2020
1955,2020-05-09,41.54,2020
1956,2020-05-10,48.92,2020
1957,2020-05-11,54.14,2020
1958,2020-05-12,51.26,2020
1959,2020-05-13,53.06,2020
1960,2020-05-14,55.94,2020
1961,2020-05-15,70.16,2020
1962,2020-05-16,72.32,2020
1963,2020-05-17,61.52,2020
1964,2020-05-18,60.440000000000005,2020
1965,2020-05-19,61.7,2020
1966,2020-05-20,57.38,2020
1967,2020-05-21,55.94,2020
1968,2020-05-22,62.42,2020
1969,2020-05-23,64.04,2020
1970,2020-05-24,58.82,2020
1971,2020-05-25,61.88,2020
1972,2020-05-26,64.58,2020
1973,2020-05-27,65.84,2020
1974,2020-05-28,68.54,2020
1975,2020-05-29,75.38,2020
1976,2020-05-30,74.84,2020
1977,2020-05-31,67.28,2020
1978,2020-06-01,61.88,2020
1979,2020-06-02,66.02,2020
1980,2020-06-03,70.16,2020
1981,2020-06-04,76.64,2020
1982,2020-06-05,74.84,2020
1983,2020-06-06,78.25999999999999,2020
1984,2020-06-07,73.75999999999999,2020
1985,2020-06-08,70.88,2020
1986,2020-06-09,76.28,2020
1987,2020-06-10,79.16,2020
1988,2020-06-11,77.54,2020
1989,2020-06-12,78.08,2020
1990,2020-06-13,71.06,2020
1991,2020-06-14,64.04,2020
1992,2020-06-15,66.56,2020
1993,2020-06-16,67.1,2020
1994,2020-06-17,69.44,2020
1995,2020-06-18,69.25999999999999,2020
1996,2020-06-19,72.14,2020
1997,2020-06-20,76.28,2020
1998,2020-06-21,76.64,2020
1999,2020-06-22,80.42,2020
2000,2020-06-23,80.6,2020
2001,2020-06-24,80.42,2020
2002,2020-06-25,78.98,2020
2003,2020-06-26,77.72,2020
2004,2020-06-27,76.64,2020
2005,2020-06-28,80.96,2020
2006,2020-06-29,79.88,2020
2007,2020-06-30,73.4,2020
2008,2020-07-01,73.04,2020
2009,2020-07-02,79.52,2020
2010,2020-07-03,85.46000000000001,2020
2011,2020-07-04,76.28,2020
2012,2020-07-05,80.96,2020
2013,2020-07-06,82.4,2020
2014,2020-07-07,76.64,2020
2015,2020-07-08,78.08,2020
2016,2020-07-09,79.52,2020
2017,2020-07-10,77.18,2020
2018,2020-07-11,78.08,2020
2019,2020-07-12,80.06,2020
2020,2020-07-13,80.42,2020
2021,2020-07-14,79.52,2020
2022,2020-07-15,76.64,2020
2023,2020-07-16,73.75999999999999,2020
2024,2020-07-17,75.02,2020
2025,2020-07-18,82.58,2020
2026,2020-07-19,85.1,2020
2027,2020-07-20,87.61999999999999,2020
2028,2020-07-21,85.46000000000001,2020
2029,2020-07-22,84.38000000000001,2020
2030,2020-07-23,78.62,2020
2031,2020-07-24,77.54,2020
2032,2020-07-25,80.06,2020
2033,2020-07-26,84.56,2020
2034,2020-07-27,86.0,2020
2035,2020-07-28,86.72,2020
2036,2020-07-29,83.66,2020
2037,2020-07-30,84.2,2020
2038,2020-07-31,77.72,2020
2039,2020-08-01,79.34,2020
2040,2020-08-02,82.04,2020
2041,2020-08-03,84.2,2020
2042,2020-08-04,76.46,2020
2043,2020-08-05,79.52,2020
2044,2020-08-06,76.28,2020
2045,2020-08-07,75.02,2020
2046,2020-08-08,75.02,2020
2047,2020-08-09,78.44,2020
2048,2020-08-10,83.12,2020
2049,2020-08-11,82.4,2020
2050,2020-08-12,82.22,2020
2051,2020-08-13,78.08,2020
2052,2020-08-14,79.52,2020
2053,2020-08-15,76.64,2020
2054,2020-08-16,70.7,2020
2055,2020-08-17,71.96,2020
2056,2020-08-18,74.12,2020
2057,2020-08-19,72.86,2020
2058,2020-08-20,72.32,2020
2059,2020-08-21,75.38,2020
2060,2020-08-22,80.42,2020
2061,2020-08-23,78.8,2020
2062,2020-08-24,81.68,2020
2063,2020-08-25,81.86,2020
2064,2020-08-26,75.56,2020
2065,2020-08-27,78.62,2020
2066,2020-08-28,77.18,2020
2067,2020-08-29,75.92,2020
2068,2020-08-30,74.84,2020
2069,2020-08-31,69.44,2020
2070,2020-09-01,73.22,2020
2071,2020-09-02,75.02,2020
2072,2020-09-03,79.7,2020
2073,2020-09-04,76.28,2020
2074,2020-09-05,73.75999999999999,2020
2075,2020-09-06,72.14,2020
2076,2020-09-07,72.68,2020
2077,2020-09-08,74.48,2020
2078,2020-09-09,75.02,2020
2079,2020-09-10,77.54,2020
2080,2020-09-11,74.12,2020
2081,2020-09-12,66.74000000000001,2020
2082,2020-09-13,68.54,2020
2083,2020-09-14,72.86,2020
2084,2020-09-15,60.440000000000005,2020
2085,2020-09-16,62.24,2020
2086,2020-09-17,68.0,2020
2087,2020-09-18,67.64,2020
2088,2020-09-19,57.56,2020
2089,2020-09-20,55.58,2020
2090,2020-09-21,55.94,2020
2091,2020-09-22,59.18,2020
2092,2020-09-23,68.18,2020
2093,2020-09-24,69.44,2020
2094,2020-09-25,67.64,2020
2095,2020-09-26,68.54,2020
2096,2020-09-27,71.78,2020
2097,2020-09-28,73.22,2020
2098,2020-09-29,71.06,2020
2099,2020-09-30,67.82,2020
2100,2020-10-01,64.22,2020
2101,2020-10-02,61.34,2020
2102,2020-10-03,58.64,2020
2103,2020-10-04,57.92,2020
2104,2020-10-05,61.34,2020
2105,2020-10-06,61.52,2020
2106,2020-10-07,65.48,2020
2107,2020-10-08,61.34,2020
2108,2020-10-09,58.64,2020
2109,2020-10-10,63.5,2020
2110,2020-10-11,65.48,2020
2111,2020-10-12,55.4,2020
2112,2020-10-13,55.94,2020
2113,2020-10-14,59.540000000000006,2020
2114,2020-10-15,62.6,2020
2115,2020-10-16,59.36,2020
2116,2020-10-17,53.06,2020
2117,2020-10-18,51.98,2020
2118,2020-10-19,58.1,2020
2119,2020-10-20,63.68,2020
2120,2020-10-21,64.04,2020
2121,2020-10-22,66.38,2020
2122,2020-10-23,64.4,2020
2123,2020-10-24,64.75999999999999,2020
2124,2020-10-25,49.64,2020
2125,2020-10-26,52.52,2020
2126,2020-10-27,57.02,2020
2127,2020-10-28,54.68,2020
2128,2020-10-29,53.06,2020
2129,2020-10-30,43.52,2020
2130,2020-10-31,38.84,2020
2131,2020-11-01,48.38,2020
2132,2020-11-02,43.88,2020
2133,2020-11-03,45.32,2020
2134,2020-11-04,50.54,2020
2135,2020-11-05,56.48,2020
2136,2020-11-06,59.36,2020
2137,2020-11-07,60.62,2020
2138,2020-11-08,61.34,2020
2139,2020-11-09,60.98,2020
2140,2020-11-10,62.78,2020
2141,2020-11-11,66.56,2020
2142,2020-11-12,60.62,2020
2143,2020-11-13,48.74,2020
2144,2020-11-14,47.48,2020
2145,2020-11-15,47.120000000000005,2020
2146,2020-11-16,52.88,2020
2147,2020-11-17,43.34,2020
2148,2020-11-18,35.78,2020
2149,2020-11-19,35.78,2020
2150,2020-11-20,49.28,2020
2151,2020-11-21,55.94,2020
2152,2020-11-22,48.74,2020
2153,2020-11-23,54.32,2020
2154,2020-11-24,44.06,2020
2155,2020-11-25,47.84,2020
2156,2020-11-26,57.74,2020
2157,2020-11-27,54.68,2020
2158,2020-11-28,51.44,2020
2159,2020-11-29,44.96,2020
2160,2020-11-30,53.06,2020
2161,2020-12-01,53.06,2020
2162,2020-12-02,39.38,2020
2163,2020-12-03,39.38,2020
2164,2020-12-04,46.22,2020
2165,2020-12-05,44.06,2020
2166,2020-12-06,38.66,2020
2167,2020-12-07,33.98,2020
2168,2020-12-08,33.44,2020
2169,2020-12-09,32.72,2020
2170,2020-12-10,40.28,2020
2171,2020-12-11,42.98,2020
2172,2020-12-12,46.22,2020
2173,2020-12-13,51.98,2020
2174,2020-12-14,41.9,2020
2175,2020-12-15,35.78,2020
2176,2020-12-16,28.76,2020
2177,2020-12-17,27.68,2020
2178,2020-12-18,26.78,2020
2179,2020-12-19,24.62,2020
2180,2020-12-20,31.64,2020
2181,2020-12-21,39.02,2020
2182,2020-12-22,39.56,2020
2183,2020-12-23,40.28,2020
2184,2020-12-24,48.02,2020
2185,2020-12-25,53.96,2020
2186,2020-12-26,28.94,2020
2187,2020-12-27,29.12,2020
2188,2020-12-28,39.74,2020
2189,2020-12-29,39.2,2020
2190,2020-12-30,32.9,2020
2191,2020-12-31,42.98,2020
2192,2021-01-01,34.7,2021
2193,2021-01-02,41.54,2021
2194,2021-01-03,35.78,2021
2195,2021-01-04,37.76,2021
2196,2021-01-05,38.66,2021
2197,2021-01-06,37.76,2021
2198,2021-01-07,36.14,2021
2199,2021-01-08,32.36,2021
2200,2021-01-09,30.74,2021
2201,2021-01-10,34.88,2021
2202,2021-01-11,31.46,2021
2203,2021-01-12,34.88,2021
2204,2021-01-13,37.22,2021
2205,2021-01-14,40.46,2021
2206,2021-01-15,40.1,2021
2207,2021-01-16,44.6,2021
2208,2021-01-17,39.02,2021
2209,2021-01-18,40.28,2021
2210,2021-01-19,37.4,2021
2211,2021-01-20,34.88,2021
2212,2021-01-21,31.64,2021
2213,2021-01-22,38.48,2021
2214,2021-01-23,32.54,2021
2215,2021-01-24,26.78,2021
2216,2021-01-25,30.56,2021
2217,2021-01-26,33.26,2021
2218,2021-01-27,35.06,2021
2219,2021-01-28,30.74,2021
2220,2021-01-29,21.56,2021
2221,2021-01-30,22.46,2021
2222,2021-01-31,23.18,2021
2223,2021-02-01,26.06,2021
2224,2021-02-02,31.82,2021
2225,2021-02-03,32.9,2021
2226,2021-02-04,34.52,2021
2227,2021-02-05,38.12,2021
2228,2021-02-06,38.12,2021
2229,2021-02-07,33.08,2021
2230,2021-02-08,24.08,2021
2231,2021-02-09,27.14,2021
2232,2021-02-10,28.94,2021
2233,2021-02-11,28.94,2021
2234,2021-02-12,25.16,2021
2235,2021-02-13,25.52,2021
2236,2021-02-14,29.66,2021
2237,2021-02-15,32.54,2021
2238,2021-02-16,38.66,2021
2239,2021-02-17,29.84,2021
2240,2021-02-18,27.14,2021
2241,2021-02-19,28.76,2021
2242,2021-02-20,31.46,2021
2243,2021-02-21,29.12,2021
2244,2021-02-22,31.64,2021
2245,2021-02-23,37.04,2021
2246,2021-02-24,43.52,2021
2247,2021-02-25,45.68,2021
2248,2021-02-26,40.28,2021
2249,2021-02-27,42.8,2021
2250,2021-02-28,41.9,2021
2251,2021-03-01,43.34,2021
2252,2021-03-02,30.74,2021
2253,2021-03-03,37.76,2021
2254,2021-03-04,41.9,2021
2255,2021-03-05,30.38,2021
2256,2021-03-06,33.44,2021
2257,2021-03-07,33.26,2021
2258,2021-03-08,34.16,2021
2259,2021-03-09,48.02,2021
2260,2021-03-10,45.86,2021
2261,2021-03-11,54.32,2021
2262,2021-03-12,62.78,2021
2263,2021-03-13,46.22,2021
2264,2021-03-14,45.86,2021
2265,2021-03-15,32.54,2021
2266,2021-03-16,33.08,2021
2267,2021-03-17,38.84,2021
2268,2021-03-18,44.24,2021
2269,2021-03-19,39.92,2021
2270,2021-03-20,42.98,2021
2271,2021-03-21,48.74,2021
2272,2021-03-22,48.38,2021
2273,2021-03-23,48.74,2021
2274,2021-03-24,51.620000000000005,2021
2275,2021-03-25,56.3,2021
2276,2021-03-26,63.68,2021
2277,2021-03-27,58.64,2021
2278,2021-03-28,55.22,2021
2279,2021-03-29,51.620000000000005,2021
2280,2021-03-30,49.64,2021
2281,2021-03-31,56.3,2021
2282,2021-04-01,49.46,2021
2283,2021-04-02,35.6,2021
2284,2021-04-03,39.92,2021
2285,2021-04-04,51.26,2021
2286,2021-04-05,57.92,2021
2287,2021-04-06,58.46,2021
2288,2021-04-07,59.36,2021
2289,2021-04-08,57.2,2021
2290,2021-04-09,51.98,2021
2291,2021-04-10,55.4,2021
2292,2021-04-11,54.86,2021
2293,2021-04-12,47.48,2021
2294,2021-04-13,51.98,2021
2295,2021-04-14,57.92,2021
2296,2021-04-15,55.94,2021
2297,2021-04-16,47.48,2021
2298,2021-04-17,48.02,2021
2299,2021-04-18,53.96,2021
2300,2021-04-19,57.74,2021
2301,2021-04-20,60.62,2021
2302,2021-04-21,61.16,2021
2303,2021-04-22,43.88,2021
2304,2021-04-23,50.72,2021
2305,2021-04-24,59.9,2021
2306,2021-04-25,57.92,2021
2307,2021-04-26,54.5,2021
2308,2021-04-27,54.68,2021
2309,2021-04-28,66.02,2021
2310,2021-04-29,70.88,2021
2311,2021-04-30,67.64,2021
2312,2021-05-01,54.14,2021
2313,2021-05-02,66.92,2021
2314,2021-05-03,66.02,2021
2315,2021-05-04,60.98,2021
2316,2021-05-05,57.38,2021
2317,2021-05-06,58.64,2021
2318,2021-05-07,58.46,2021
2319,2021-05-08,53.24,2021
2320,2021-05-09,52.34,2021
2321,2021-05-10,54.14,2021
2322,2021-05-11,58.64,2021
2323,2021-05-12,58.64,2021
2324,2021-05-13,63.14,2021
2325,2021-05-14,64.94,2021
2326,2021-05-15,67.82,2021
2327,2021-05-16,67.28,2021
2328,2021-05-17,66.38,2021
2329,2021-05-18,71.24000000000001,2021
2330,2021-05-19,77.36,2021
2331,2021-05-20,70.52,2021
2332,2021-05-21,69.08,2021
2333,2021-05-22,79.52,2021
2334,2021-05-23,83.84,2021
2335,2021-05-24,67.82,2021
2336,2021-05-25,66.92,2021
2337,2021-05-26,76.82,2021
2338,2021-05-27,76.28,2021
2339,2021-05-28,65.12,2021
2340,2021-05-29,51.26,2021
2341,2021-05-30,50.18,2021
2342,2021-05-31,58.28,2021
2343,2021-06-01,68.18,2021
2344,2021-06-02,69.98,2021
2345,2021-06-03,67.64,2021
2346,2021-06-04,72.86,2021
2347,2021-06-05,77.36,2021
2348,2021-06-06,86.0,2021
2349,2021-06-07,84.91999999999999,2021
2350,2021-06-08,82.94,2021
2351,2021-06-09,80.96,2021
2352,2021-06-10,79.16,2021
2353,2021-06-11,68.36,2021
2354,2021-06-12,68.36,2021
2355,2021-06-13,68.54,2021
2356,2021-06-14,70.7,2021
2357,2021-06-15,74.48,2021
2358,2021-06-16,71.96,2021
2359,2021-06-17,71.24000000000001,2021
2360,2021-06-18,74.12,2021
2361,2021-06-19,79.16,2021
2362,2021-06-20,76.64,2021
2363,2021-06-21,83.12,2021
2364,2021-06-22,74.12,2021
2365,2021-06-23,66.38,2021
2366,2021-06-24,69.98,2021
2367,2021-06-25,70.52,2021
2368,2021-06-26,76.82,2021
2369,2021-06-27,82.58,2021
2370,2021-06-28,86.0,2021
2371,2021-06-29,89.41999999999999,2021
2372,2021-06-30,91.76,2021
2373,2021-07-01,80.42,2021
2374,2021-07-02,75.02,2021
2375,2021-07-03,65.48,2021
2376,2021-07-04,70.88,2021
2377,2021-07-05,77.18,2021
2378,2021-07-06,84.02,2021
2379,2021-07-07,82.04,2021
2380,2021-07-08,83.48,2021
2381,2021-07-09,79.34,2021
2382,2021-07-10,78.08,2021
2383,2021-07-11,76.28,2021
2384,2021-07-12,79.88,2021
2385,2021-07-13,75.02,2021
2386,2021-07-14,78.25999999999999,2021
2387,2021-07-15,82.22,2021
2388,2021-07-16,86.72,2021
2389,2021-07-17,84.56,2021
2390,2021-07-18,78.62,2021
2391,2021-07-19,77.54,2021
2392,2021-07-20,81.14,2021
2393,2021-07-21,80.24000000000001,2021
2394,2021-07-22,77.0,2021
2395,2021-07-23,77.18,2021
2396,2021-07-24,76.28,2021
2397,2021-07-25,77.72,2021
2398,2021-07-26,83.84,2021
2399,2021-07-27,84.74,2021
2400,2021-07-28,78.44,2021
2401,2021-07-29,75.74000000000001,2021
2402,2021-07-30,76.82,2021
2403,2021-07-31,71.6,2021
2404,2021-08-01,72.86,2021
2405,2021-08-02,72.86,2021
2406,2021-08-03,73.4,2021
2407,2021-08-04,73.75999999999999,2021
2408,2021-08-05,75.38,2021
2409,2021-08-06,79.16,2021
2410,2021-08-07,81.32,2021
2411,2021-08-08,75.74000000000001,2021
2412,2021-08-09,75.56,2021
2413,2021-08-10,78.98,2021
2414,2021-08-11,81.5,2021
2415,2021-08-12,84.38000000000001,2021
2416,2021-08-13,88.7,2021
2417,2021-08-14,86.72,2021
2418,2021-08-15,78.98,2021
2419,2021-08-16,76.28,2021
2420,2021-08-17,77.72,2021
2421,2021-08-18,79.34,2021
2422,2021-08-19,82.58,2021
2423,2021-08-20,80.78,2021
2424,2021-08-21,78.98,2021
2425,2021-08-22,75.74000000000001,2021
2426,2021-08-23,77.9,2021
2427,2021-08-24,83.48,2021
2428,2021-08-25,84.74,2021
2429,2021-08-26,85.64,2021
2430,2021-08-27,85.46000000000001,2021
2431,2021-08-28,77.72,2021
2432,2021-08-29,72.86,2021
2433,2021-08-30,79.16,2021
2434,2021-08-31,81.86,2021
2435,2021-09-01,75.38,2021
2436,2021-09-02,70.16,2021
2437,2021-09-03,68.54,2021
2438,2021-09-04,71.24000000000001,2021
2439,2021-09-05,71.96,2021
2440,2021-09-06,76.82,2021
2441,2021-09-07,75.02,2021
2442,2021-09-08,77.36,2021
2443,2021-09-09,74.12,2021
2444,2021-09-10,71.42,2021
2445,2021-09-11,69.98,2021
2446,2021-09-12,74.48,2021
2447,2021-09-13,80.42,2021
2448,2021-09-14,75.56,2021
2449,2021-09-15,79.88,2021
2450,2021-09-16,76.64,2021
2451,2021-09-17,74.48,2021
2452,2021-09-18,77.72,2021
2453,2021-09-19,74.84,2021
2454,2021-09-20,69.44,2021
2455,2021-09-21,71.96,2021
2456,2021-09-22,77.18,2021
2457,2021-09-23,77.54,2021
2458,2021-09-24,68.36,2021
2459,2021-09-25,68.18,2021
2460,2021-09-26,69.08,2021
2461,2021-09-27,69.98,2021
2462,2021-09-28,70.7,2021
2463,2021-09-29,64.75999999999999,2021
2464,2021-09-30,64.4,2021
2465,2021-10-01,61.7,2021
2466,2021-10-02,64.22,2021
2467,2021-10-03,69.62,2021
2468,2021-10-04,72.68,2021
2469,2021-10-05,64.58,2021
2470,2021-10-06,66.74000000000001,2021
2471,2021-10-07,69.44,2021
2472,2021-10-08,69.62,2021
2473,2021-10-09,67.46,2021
2474,2021-10-10,65.48,2021
2475,2021-10-11,67.46,2021
2476,2021-10-12,67.28,2021
2477,2021-10-13,67.64,2021
2478,2021-10-14,71.42,2021
2479,2021-10-15,72.68,2021
2480,2021-10-16,73.22,2021
2481,2021-10-17,59.18,2021
2482,2021-10-18,55.22,2021
2483,2021-10-19,56.48,2021
2484,2021-10-20,66.92,2021
2485,2021-10-21,68.0,2021
2486,2021-10-22,67.28,2021
2487,2021-10-23,57.74,2021
2488,2021-10-24,55.4,2021
2489,2021-10-25,66.02,2021
2490,2021-10-26,62.42,2021
2491,2021-10-27,60.440000000000005,2021
2492,2021-10-28,55.76,2021
2493,2021-10-29,55.76,2021
2494,2021-10-30,60.98,2021
2495,2021-10-31,61.52,2021
2496,2021-11-01,57.92,2021
2497,2021-11-02,52.52,2021
2498,2021-11-03,47.48,2021
2499,2021-11-04,45.32,2021
2500,2021-11-05,45.32,2021
2501,2021-11-06,45.68,2021
2502,2021-11-07,45.86,2021
2503,2021-11-08,54.14,2021
2504,2021-11-09,58.64,2021
2505,2021-11-10,61.34,2021
2506,2021-11-11,52.88,2021
2507,2021-11-12,64.22,2021
2508,2021-11-13,52.52,2021
2509,2021-11-14,42.44,2021
2510,2021-11-15,44.96,2021
2511,2021-11-16,43.88,2021
2512,2021-11-17,46.04,2021
2513,2021-11-18,58.64,2021
2514,2021-11-19,49.82,2021
2515,2021-11-20,42.44,2021
2516,2021-11-21,48.38,2021
2517,2021-11-22,51.44,2021
2518,2021-11-23,39.2,2021
2519,2021-11-24,38.3,2021
2520,2021-11-25,44.78,2021
2521,2021-11-26,46.58,2021
2522,2021-11-27,38.66,2021
2523,2021-11-28,37.04,2021
2524,2021-11-29,41.0,2021
2525,2021-11-30,35.78,2021
2526,2021-12-01,45.32,2021
2527,2021-12-02,53.24,2021
2528,2021-12-03,48.92,2021
2529,2021-12-04,42.8,2021
2530,2021-12-05,42.44,2021
2531,2021-12-06,53.42,2021
2532,2021-12-07,43.7,2021
2533,2021-12-08,39.2,2021
2534,2021-12-09,36.14,2021
2535,2021-12-10,43.52,2021
2536,2021-12-11,52.16,2021
2537,2021-12-12,51.44,2021
2538,2021-12-13,44.78,2021
2539,2021-12-14,47.66,2021
2540,2021-12-15,44.42,2021
2541,2021-12-16,56.66,2021
2542,2021-12-17,58.46,2021
2543,2021-12-18,45.5,2021
2544,2021-12-19,42.44,2021
2545,2021-12-20,31.28,2021
2546,2021-12-21,34.52,2021
2547,2021-12-22,43.34,2021
2548,2021-12-23,35.42,2021
2549,2021-12-24,36.32,2021
2550,2021-12-25,40.82,2021
2551,2021-12-26,49.64,2021
2552,2021-12-27,38.66,2021
2553,2021-12-28,41.54,2021
2554,2021-12-29,44.42,2021
2555,2021-12-30,45.86,2021
2556,2021-12-31,49.82,2021
